time,disp,x1,y1,x2,y2,crosssect
900.9,4.772663752649846,18.407205083674253,3.9042700901740535,18.264365934033737,8.675097688167225,0.5391352833477899
934.2666666666668,4.783504135147415,18.407205083674253,3.8947474801980184,18.264365934033737,8.675097688167225,0.5391352833477899
967.6333333333333,4.790641864612815,18.397682473698218,3.8852248702219847,18.264365934033737,8.675097688167225,0.5391352833477899
1001.0,4.792701400733892,18.397682473698218,3.8852248702219847,18.264365934033737,8.675097688167225,0.5391352833477899
1034.3666666666668,4.789785443185084,18.397682473698218,3.8852248702219847,18.264365934033737,8.675097688167225,0.5391352833477899
1067.7333333333333,4.783042594480713,18.407205083674253,3.8947474801980184,18.273888544009775,8.675097688167225,0.5391352833477899
1101.1,4.774235022828591,18.407205083674253,3.8947474801980184,18.264365934033737,8.66557507819119,0.5391352833477899
1134.4666666666667,4.766152113235677,18.397682473698218,3.9042700901740535,18.264365934033737,8.66557507819119,0.5391352833477899
1167.8333333333333,4.758649745352956,18.397682473698218,3.913792700150088,18.273888544009775,8.675097688167225,0.5391352833477899
1201.2,4.752406327465952,18.407205083674253,3.913792700150088,18.264365934033737,8.66557507819119,0.5391352833477899
1234.5666666666666,4.75032400568021,18.407205083674253,3.9233153101261222,18.254843324057703,8.66557507819119,0.5391352833477899
1267.9333333333334,4.749573461237618,18.397682473698218,3.913792700150088,18.264365934033737,8.66557507819119,0.5391352833477899
1301.3,4.749463487217774,18.397682473698218,3.9233153101261222,18.264365934033737,8.66557507819119,0.5391352833477899
1334.6666666666667,4.750133749260962,18.397682473698218,3.9233153101261222,18.273888544009775,8.675097688167225,0.5391352833477899
1368.0333333333333,4.748763760931305,18.388159863722187,3.913792700150088,18.264365934033737,8.66557507819119,0.5391352833477899
1401.4,4.746476677079462,18.397682473698218,3.9233153101261222,18.273888544009775,8.66557507819119,0.5391352833477899
1434.7666666666669,4.744562237654179,18.407205083674253,3.9233153101261222,18.264365934033737,8.66557507819119,0.5391352833477899
1468.1333333333334,4.745603425247519,18.407205083674253,3.9233153101261222,18.264365934033737,8.66557507819119,0.5391352833477899
1501.5,4.749130219276417,18.407205083674253,3.9233153101261222,18.264365934033737,8.66557507819119,0.5391352833477899
1534.8666666666668,4.7553106143458805,18.407205083674253,3.913792700150088,18.273888544009775,8.675097688167225,0.5391352833477899
1568.2333333333331,4.766393065574263,18.407205083674253,3.9042700901740535,18.254843324057703,8.66557507819119,0.5391352833477899
1601.6,4.7754524936598175,18.407205083674253,3.8947474801980184,18.264365934033737,8.66557507819119,0.5391352833477899
1634.966666666667,4.782716332152573,18.397682473698218,3.8852248702219847,18.264365934033737,8.66557507819119,0.5391352833477899
1668.333333333333,4.782230435646942,18.397682473698218,3.8852248702219847,18.264365934033737,8.66557507819119,0.5391352833477899
1701.7,4.778442626084743,18.397682473698218,3.8852248702219847,18.264365934033737,8.675097688167225,0.5391352833477899
1735.0666666666666,4.774320824460308,18.397682473698218,3.8947474801980184,18.254843324057703,8.656052468215156,0.5391352833477899
1768.4333333333334,4.76644686495709,18.407205083674253,3.9042700901740535,18.254843324057703,8.66557507819119,0.5391352833477899
1801.8,4.758250794454445,18.407205083674253,3.913792700150088,18.264365934033737,8.66557507819119,0.5391352833477899
1835.166666666667,4.751347702122866,18.397682473698218,3.913792700150088,18.264365934033737,8.675097688167225,0.5391352833477899
1868.533333333333,4.744964935467571,18.407205083674253,3.9233153101261222,18.264365934033737,8.66557507819119,0.5391352833477899
1901.9,4.739698521359559,18.407205083674253,3.9233153101261222,18.254843324057703,8.656052468215156,0.5391352833477899
1935.2666666666669,4.7350495492751445,18.407205083674253,3.9328379201021564,18.264365934033737,8.66557507819119,0.5391352833477899
1968.6333333333332,4.734650313590459,18.397682473698218,3.9328379201021564,18.264365934033737,8.66557507819119,0.5391352833477899
2002.0,4.737707552585157,18.407205083674253,3.9328379201021564,18.264365934033737,8.66557507819119,0.5391352833477899
2035.3666666666668,4.742433568616501,18.407205083674253,3.9328379201021564,18.273888544009775,8.675097688167225,0.5391352833477899
2068.7333333333336,4.745434621790836,18.397682473698218,3.9233153101261222,18.264365934033737,8.675097688167225,0.5391352833477899
2102.1,4.749914135777914,18.397682473698218,3.9233153101261222,18.264365934033737,8.66557507819119,0.5391352833477899
2135.4666666666667,4.753996182297826,18.388159863722187,3.913792700150088,18.264365934033737,8.66557507819119,0.5391352833477899
2168.833333333333,4.760066100436693,18.407205083674253,3.913792700150088,18.264365934033737,8.66557507819119,0.5391352833477899
2202.2,4.764997161120597,18.397682473698218,3.8947474801980184,18.264365934033737,8.66557507819119,0.5391352833477899
2235.5666666666666,4.771718821411406,18.397682473698218,3.8947474801980184,18.264365934033737,8.66557507819119,0.5391352833477899
2268.933333333333,4.776397773778588,18.397682473698218,3.8947474801980184,18.264365934033737,8.66557507819119,0.5391352833477899
2302.3,4.778985070160277,18.407205083674253,3.8947474801980184,18.264365934033737,8.675097688167225,0.5391352833477899
2335.6666666666665,4.7799442353877275,18.407205083674253,3.8947474801980184,18.264365934033737,8.66557507819119,0.5391352833477899
2369.0333333333333,4.776632038206225,18.397682473698218,3.8947474801980184,18.264365934033737,8.675097688167225,0.5391352833477899
2402.4,4.773345712445033,18.397682473698218,3.9042700901740535,18.264365934033737,8.675097688167225,0.5391352833477899
2435.766666666667,4.768608204656342,18.407205083674253,3.9042700901740535,18.264365934033737,8.675097688167225,0.5391352833477899
2469.133333333333,4.761310923158629,18.407205083674253,3.9233153101261222,18.264365934033737,8.675097688167225,0.5391352833477899
2502.5,4.754423398049291,18.397682473698218,3.9233153101261222,18.264365934033737,8.675097688167225,0.5391352833477899
2535.866666666667,4.746827459602648,18.407205083674253,3.9233153101261222,18.264365934033737,8.675097688167225,0.5391352833477899
2569.2333333333336,4.7452167067623305,18.407205083674253,3.9328379201021564,18.264365934033737,8.675097688167225,0.5391352833477899
2602.6,4.741737727217053,18.397682473698218,3.9328379201021564,18.264365934033737,8.66557507819119,0.5391352833477899
2635.9666666666667,4.7421446160024185,18.397682473698218,3.9233153101261222,18.264365934033737,8.66557507819119,0.5391352833477899
2669.333333333333,4.739948298899957,18.397682473698218,3.9328379201021564,18.264365934033737,8.675097688167225,0.5391352833477899
2702.7000000000007,4.741628272715052,18.397682473698218,3.9233153101261222,18.264365934033737,8.66557507819119,0.5391352833477899
2736.0666666666666,4.743309937960526,18.397682473698218,3.9233153101261222,18.254843324057703,8.656052468215156,0.5391352833477899
2769.433333333333,4.745840659472303,18.397682473698218,3.9233153101261222,18.273888544009775,8.675097688167225,0.5391352833477899
2802.8,4.750773475238516,18.416727693650287,3.9328379201021564,18.264365934033737,8.675097688167225,0.5391352833477899
2836.166666666666,4.7593858189936835,18.407205083674253,3.913792700150088,18.264365934033737,8.675097688167225,0.5391352833477899
2869.5333333333333,4.768927697148728,18.407205083674253,3.913792700150088,18.264365934033737,8.675097688167225,0.5391352833477899
2902.9,4.777376700803691,18.397682473698218,3.8947474801980184,18.264365934033737,8.675097688167225,0.5391352833477899
2936.266666666667,4.781899179939697,18.397682473698218,3.8947474801980184,18.264365934033737,8.675097688167225,0.5391352833477899
2969.633333333333,4.78525788534324,18.397682473698218,3.8947474801980184,18.264365934033737,8.675097688167225,0.5391352833477899
3003.0,4.779279610974877,18.407205083674253,3.8947474801980184,18.264365934033737,8.675097688167225,0.5391352833477899
3036.366666666667,4.772442563821453,18.407205083674253,3.9042700901740535,18.264365934033737,8.675097688167225,0.5391352833477899
3069.7333333333336,4.76345980686219,18.407205083674253,3.9042700901740535,18.264365934033737,8.66557507819119,0.5391352833477899
3103.1,4.755370407893778,18.407205083674253,3.913792700150088,18.264365934033737,8.66557507819119,0.5391352833477899
3136.4666666666667,4.74904196000851,18.407205083674253,3.9233153101261222,18.264365934033737,8.66557507819119,0.5391352833477899
3169.833333333333,4.7472251649986035,18.407205083674253,3.913792700150088,18.264365934033737,8.66557507819119,0.5391352833477899
3203.2000000000007,4.747858799170139,18.407205083674253,3.9233153101261222,18.264365934033737,8.66557507819119,0.5391352833477899
3236.566666666666,4.747429422172209,18.407205083674253,3.9233153101261222,18.264365934033737,8.66557507819119,0.5391352833477899
3269.933333333333,4.748073403440756,18.397682473698218,3.9233153101261222,18.264365934033737,8.675097688167225,0.5391352833477899
3303.3,4.743104516926059,18.397682473698218,3.9233153101261222,18.254843324057703,8.66557507819119,0.5391352833477899
3336.666666666666,4.737526633823262,18.407205083674253,3.9328379201021564,18.254843324057703,8.66557507819119,0.5391352833477899
3370.0333333333333,4.733930767034324,18.407205083674253,3.9328379201021564,18.254843324057703,8.66557507819119,0.5391352833477899
3403.4,4.734353686085857,18.407205083674253,3.9328379201021564,18.254843324057703,8.66557507819119,0.5391352833477899
3436.766666666667,4.73824654595101,18.407205083674253,3.9328379201021564,18.254843324057703,8.656052468215156,0.5391352833477899
3470.133333333333,4.743506145473615,18.397682473698218,3.9233153101261222,18.254843324057703,8.675097688167225,0.5391352833477899
3503.5,4.750707080775194,18.397682473698218,3.913792700150088,18.264365934033737,8.66557507819119,0.5391352833477899
3536.866666666667,4.758668719122154,18.407205083674253,3.9042700901740535,18.264365934033737,8.66557507819119,0.5391352833477899
3570.2333333333336,4.768689179298861,18.407205083674253,3.913792700150088,18.264365934033737,8.66557507819119,0.5391352833477899
3603.6,4.774441980168663,18.407205083674253,3.8947474801980184,18.264365934033737,8.66557507819119,0.5391352833477899
3636.9666666666662,4.778803468439735,18.397682473698218,3.8852248702219847,18.264365934033737,8.675097688167225,0.5391352833477899
3670.333333333334,4.783294182746506,18.397682473698218,3.8947474801980184,18.264365934033737,8.675097688167225,0.5391352833477899
3703.7,4.784450405120044,18.407205083674253,3.8947474801980184,18.264365934033737,8.675097688167225,0.5391352833477899
3737.066666666666,4.781623073810351,18.397682473698218,3.8947474801980184,18.264365934033737,8.66557507819119,0.5391352833477899
3770.433333333333,4.773348548716187,18.397682473698218,3.8947474801980184,18.264365934033737,8.675097688167225,0.5391352833477899
3803.8,4.764045014919433,18.397682473698218,3.9042700901740535,18.254843324057703,8.66557507819119,0.5391352833477899
3837.166666666666,4.758385610641428,18.397682473698218,3.9042700901740535,18.264365934033737,8.66557507819119,0.5391352833477899
3870.5333333333333,4.752900621783126,18.397682473698218,3.9233153101261222,18.264365934033737,8.66557507819119,0.5391352833477899
3903.9,4.746714019925576,18.397682473698218,3.913792700150088,18.254843324057703,8.656052468215156,0.5391352833477899
3937.266666666667,4.741295210002769,18.397682473698218,3.9233153101261222,18.264365934033737,8.66557507819119,0.5391352833477899
3970.633333333333,4.742343438064954,18.397682473698218,3.9233153101261222,18.264365934033737,8.675097688167225,0.5391352833477899
4004.0,4.743238645328379,18.397682473698218,3.9328379201021564,18.264365934033737,8.66557507819119,0.5391352833477899
4037.366666666667,4.74383094017816,18.388159863722187,3.9233153101261222,18.254843324057703,8.656052468215156,0.5391352833477899
4070.7333333333336,4.744024088239153,18.397682473698218,3.9233153101261222,18.264365934033737,8.675097688167225,0.5391352833477899
4104.1,4.7471214469958145,18.397682473698218,3.913792700150088,18.264365934033737,8.66557507819119,0.5391352833477899
4137.466666666667,4.751503216543855,18.407205083674253,3.9233153101261222,18.254843324057703,8.66557507819119,0.5391352833477899
4170.833333333333,4.760002694092163,18.397682473698218,3.913792700150088,18.254843324057703,8.66557507819119,0.5391352833477899
4204.2,4.766663945257756,18.397682473698218,3.9042700901740535,18.264365934033737,8.675097688167225,0.5391352833477899
4237.566666666667,4.7734840632398,18.397682473698218,3.9042700901740535,18.264365934033737,8.675097688167225,0.5391352833477899
4270.933333333333,4.782985935731527,18.407205083674253,3.8947474801980184,18.264365934033737,8.675097688167225,0.5391352833477899
4304.3,4.788674873668403,18.407205083674253,3.8852248702219847,18.264365934033737,8.675097688167225,0.5391352833477899
4337.666666666667,4.7874958954796485,18.407205083674253,3.8947474801980184,18.254843324057703,8.675097688167225,0.5391352833477899
4371.033333333334,4.782163424177435,18.407205083674253,3.8947474801980184,18.254843324057703,8.675097688167225,0.5391352833477899
4404.4,4.775108066201277,18.407205083674253,3.8947474801980184,18.254843324057703,8.675097688167225,0.5391352833477899
4437.766666666666,4.768210348456421,18.407205083674253,3.9042700901740535,18.254843324057703,8.66557507819119,0.5391352833477899
4471.133333333333,4.760486478133017,18.407205083674253,3.913792700150088,18.254843324057703,8.66557507819119,0.5391352833477899
4504.5,4.754989367610521,18.407205083674253,3.913792700150088,18.254843324057703,8.66557507819119,0.5391352833477899
4537.866666666667,4.7457805815453895,18.407205083674253,3.913792700150088,18.254843324057703,8.66557507819119,0.5391352833477899
4571.233333333334,4.739400568964391,18.407205083674253,3.9233153101261222,18.254843324057703,8.66557507819119,0.5391352833477899
4604.6,4.737969826593944,18.407205083674253,3.9328379201021564,18.254843324057703,8.656052468215156,0.5391352833477899
4637.966666666667,4.732666694312804,18.407205083674253,3.9328379201021564,18.264365934033737,8.66557507819119,0.5391352833477899
4671.333333333333,4.7300034716695585,18.397682473698218,3.9328379201021564,18.254843324057703,8.656052468215156,0.5391352833477899
4704.7,4.730761077115226,18.397682473698218,3.9328379201021564,18.264365934033737,8.675097688167225,0.5391352833477899
4738.066666666667,4.735699326319352,18.397682473698218,3.9328379201021564,18.254843324057703,8.66557507819119,0.5391352833477899
4771.433333333333,4.741837665585655,18.397682473698218,3.9328379201021564,18.24532071408167,8.656052468215156,0.5391352833477899
4804.8,4.743564822229356,18.407205083674253,3.9233153101261222,18.264365934033737,8.675097688167225,0.5391352833477899
4838.166666666667,4.751142058882383,18.397682473698218,3.913792700150088,18.264365934033737,8.66557507819119,0.5391352833477899
4871.533333333334,4.760665989420518,18.397682473698218,3.9042700901740535,18.254843324057703,8.66557507819119,0.5391352833477899
4904.9,4.7734530463347005,18.397682473698218,3.9042700901740535,18.254843324057703,8.66557507819119,0.5391352833477899
4938.266666666666,4.780929109334616,18.407205083674253,3.8947474801980184,18.24532071408167,8.66557507819119,0.5391352833477899
4971.633333333333,4.783669013166405,18.397682473698218,3.8852248702219847,18.264365934033737,8.68462029814326,0.5391352833477899
5005.0,4.783508360138683,18.407205083674253,3.8947474801980184,18.254843324057703,8.675097688167225,0.5391352833477899
5038.366666666667,4.77729473687222,18.407205083674253,3.8947474801980184,18.24532071408167,8.66557507819119,0.5391352833477899
5071.733333333334,4.766339702427607,18.407205083674253,3.913792700150088,18.264365934033737,8.675097688167225,0.5391352833477899
5105.1,4.752845716512927,18.407205083674253,3.913792700150088,18.254843324057703,8.66557507819119,0.5391352833477899
5138.466666666667,4.7447391946833655,18.407205083674253,3.9233153101261222,18.254843324057703,8.66557507819119,0.5391352833477899
5171.833333333333,4.743771309203619,18.407205083674253,3.9233153101261222,18.254843324057703,8.66557507819119,0.5391352833477899
5205.2,4.740748591160562,18.397682473698218,3.9328379201021564,18.254843324057703,8.66557507819119,0.5391352833477899
5238.566666666667,4.739391434573317,18.397682473698218,3.9328379201021564,18.254843324057703,8.675097688167225,0.5391352833477899
5271.933333333333,4.739494472435074,18.397682473698218,3.9328379201021564,18.254843324057703,8.675097688167225,0.5391352833477899
5305.3,4.739032235972708,18.397682473698218,3.9328379201021564,18.254843324057703,8.66557507819119,0.5391352833477899
5338.666666666667,4.739420364980719,18.397682473698218,3.9328379201021564,18.254843324057703,8.66557507819119,0.5391352833477899
5372.033333333334,4.741250693014292,18.397682473698218,3.9328379201021564,18.264365934033737,8.675097688167225,0.5391352833477899
5405.4000000000015,4.740954929004644,18.397682473698218,3.9328379201021564,18.254843324057703,8.675097688167225,0.5391352833477899
5438.766666666666,4.7463416086154435,18.397682473698218,3.9328379201021564,18.264365934033737,8.675097688167225,0.5391352833477899
5472.133333333333,4.7528097418888615,18.397682473698218,3.9233153101261222,18.264365934033737,8.675097688167225,0.5391352833477899
5505.5,4.757459574113636,18.407205083674253,3.9233153101261222,18.264365934033737,8.675097688167225,0.5391352833477899
5538.866666666668,4.764305058395204,18.397682473698218,3.913792700150088,18.254843324057703,8.675097688167225,0.5391352833477899
5572.233333333334,4.773689740319685,18.397682473698218,3.9042700901740535,18.264365934033737,8.68462029814326,0.5391352833477899
5605.6,4.780282244504462,18.407205083674253,3.9042700901740535,18.264365934033737,8.675097688167225,0.5391352833477899
5638.966666666667,4.78404117938005,18.397682473698218,3.8947474801980184,18.264365934033737,8.675097688167225,0.5391352833477899
5672.333333333332,4.785809217805646,18.397682473698218,3.8852248702219847,18.254843324057703,8.675097688167225,0.5391352833477899
5705.7,4.782228250198473,18.397682473698218,3.8947474801980184,18.254843324057703,8.675097688167225,0.5391352833477899
5739.0666666666675,4.777055234619735,18.407205083674253,3.9042700901740535,18.254843324057703,8.675097688167225,0.5391352833477899
5772.4333333333325,4.7724894238735285,18.407205083674253,3.9042700901740535,18.254843324057703,8.675097688167225,0.5391352833477899
5805.8,4.763056104354296,18.407205083674253,3.913792700150088,18.264365934033737,8.675097688167225,0.5391352833477899
5839.166666666668,4.754726566861637,18.397682473698218,3.9233153101261222,18.264365934033737,8.675097688167225,0.5391352833477899
5872.533333333334,4.749811534798745,18.397682473698218,3.9233153101261222,18.264365934033737,8.675097688167225,0.5391352833477899
5905.9000000000015,4.745208669119086,18.397682473698218,3.9328379201021564,18.264365934033737,8.675097688167225,0.5391352833477899
5939.266666666666,4.742726102485876,18.397682473698218,3.9328379201021564,18.254843324057703,8.66557507819119,0.5391352833477899
5972.633333333332,4.740256497591693,18.397682473698218,3.9328379201021564,18.264365934033737,8.675097688167225,0.5391352833477899
6006.0,4.737304073405481,18.397682473698218,3.9328379201021564,18.254843324057703,8.675097688167225,0.5391352833477899
6039.366666666668,4.735859800782734,18.397682473698218,3.9328379201021564,18.254843324057703,8.66557507819119,0.5391352833477899
6072.733333333334,4.737442525363999,18.397682473698218,3.9328379201021564,18.254843324057703,8.66557507819119,0.5391352833477899
6106.1,4.741877710698919,18.397682473698218,3.9328379201021564,18.254843324057703,8.66557507819119,0.5391352833477899
6139.466666666667,4.749831934287243,18.397682473698218,3.9233153101261222,18.254843324057703,8.675097688167225,0.5391352833477899
6172.833333333332,4.762002429499809,18.397682473698218,3.913792700150088,18.254843324057703,8.675097688167225,0.5391352833477899
6206.2,4.772768431345168,18.397682473698218,3.9042700901740535,18.254843324057703,8.675097688167225,0.5391352833477899
6239.5666666666675,4.780505504137963,18.397682473698218,3.8947474801980184,18.254843324057703,8.675097688167225,0.5391352833477899
6272.9333333333325,4.783903325822845,18.397682473698218,3.8947474801980184,18.254843324057703,8.675097688167225,0.5391352833477899
6306.3,4.783803628762265,18.407205083674253,3.9042700901740535,18.254843324057703,8.68462029814326,0.5391352833477899
6339.666666666668,4.783599025060987,18.407205083674253,3.8947474801980184,18.264365934033737,8.675097688167225,0.5391352833477899
6373.033333333334,4.780491112224125,18.407205083674253,3.8947474801980184,18.254843324057703,8.675097688167225,0.5391352833477899
6406.4000000000015,4.775465333829576,18.407205083674253,3.9042700901740535,18.254843324057703,8.675097688167225,0.5391352833477899
6439.766666666666,4.769123796346315,18.407205083674253,3.9042700901740535,18.264365934033737,8.675097688167225,0.5391352833477899
6473.133333333332,4.762821311776552,18.397682473698218,3.913792700150088,18.264365934033737,8.675097688167225,0.5391352833477899
6506.5,4.7587016438352965,18.397682473698218,3.9233153101261222,18.254843324057703,8.675097688167225,0.5391352833477899
6539.866666666668,4.755802245797253,18.397682473698218,3.9233153101261222,18.264365934033737,8.675097688167225,0.5391352833477899
6573.233333333334,4.7519367253703075,18.397682473698218,3.9233153101261222,18.254843324057703,8.675097688167225,0.5391352833477899
6606.6,4.747272765177675,18.397682473698218,3.9233153101261222,18.254843324057703,8.675097688167225,0.5391352833477899
6639.966666666667,4.744056632685211,18.397682473698218,3.9328379201021564,18.254843324057703,8.675097688167225,0.5391352833477899
6673.333333333332,4.741761842330766,18.397682473698218,3.942360530078191,18.264365934033737,8.675097688167225,0.5391352833477899
6706.7,4.738743207075066,18.407205083674253,3.942360530078191,18.254843324057703,8.675097688167225,0.5391352833477899
6740.0666666666675,4.738006609955335,18.397682473698218,3.9328379201021564,18.254843324057703,8.675097688167225,0.5391352833477899
6773.4333333333325,4.740059448972987,18.397682473698218,3.9233153101261222,18.254843324057703,8.66557507819119,0.5391352833477899
6806.8,4.745917845537867,18.397682473698218,3.9233153101261222,18.254843324057703,8.66557507819119,0.5391352833477899
6840.166666666668,4.752536158213344,18.407205083674253,3.9233153101261222,18.254843324057703,8.66557507819119,0.5391352833477899
6873.533333333334,4.762243418351403,18.397682473698218,3.913792700150088,18.254843324057703,8.675097688167225,0.5391352833477899
6906.9000000000015,4.77218581228467,18.407205083674253,3.9042700901740535,18.254843324057703,8.675097688167225,0.5391352833477899
6940.266666666666,4.779301071120005,18.397682473698218,3.8947474801980184,18.254843324057703,8.675097688167225,0.5391352833477899
6973.633333333332,4.781665033640069,18.397682473698218,3.8947474801980184,18.264365934033737,8.675097688167225,0.5391352833477899
7007.0,4.778326261755906,18.397682473698218,3.8947474801980184,18.264365934033737,8.675097688167225,0.5391352833477899
7040.366666666668,4.770092871592019,18.397682473698218,3.9042700901740535,18.254843324057703,8.66557507819119,0.5391352833477899
7073.733333333334,4.764985969201562,18.397682473698218,3.9042700901740535,18.254843324057703,8.66557507819119,0.5391352833477899
7107.1,4.760383257400608,18.397682473698218,3.913792700150088,18.264365934033737,8.675097688167225,0.5391352833477899
7140.466666666667,4.756040020901471,18.397682473698218,3.9233153101261222,18.254843324057703,8.675097688167225,0.5391352833477899
7173.833333333332,4.753314168214185,18.397682473698218,3.9233153101261222,18.254843324057703,8.675097688167225,0.5391352833477899
7207.2,4.747218550099353,18.397682473698218,3.9233153101261222,18.254843324057703,8.675097688167225,0.5391352833477899
7240.5666666666675,4.7399807065393835,18.397682473698218,3.9328379201021564,18.254843324057703,8.66557507819119,0.5391352833477899
7273.9333333333325,4.735659247222724,18.397682473698218,3.9328379201021564,18.254843324057703,8.66557507819119,0.5391352833477899
7307.3,4.735244855411865,18.397682473698218,3.9328379201021564,18.254843324057703,8.66557507819119,0.5391352833477899
7340.666666666668,4.730893607947126,18.397682473698218,3.9328379201021564,18.254843324057703,8.656052468215156,0.5391352833477899
7374.033333333334,4.731665017696502,18.397682473698218,3.9328379201021564,18.264365934033737,8.675097688167225,0.5391352833477899
7407.4000000000015,4.735692529444905,18.397682473698218,3.9328379201021564,18.264365934033737,8.66557507819119,0.5391352833477899
7440.766666666666,4.739536957639603,18.397682473698218,3.9328379201021564,18.254843324057703,8.66557507819119,0.5391352833477899
7474.133333333332,4.747158148133737,18.407205083674253,3.9233153101261222,18.254843324057703,8.656052468215156,0.5391352833477899
7507.5,4.756228252194511,18.407205083674253,3.913792700150088,18.264365934033737,8.68462029814326,0.5391352833477899
7540.866666666668,4.76611154964656,18.407205083674253,3.913792700150088,18.273888544009775,8.675097688167225,0.5391352833477899
7574.233333333334,4.776921944781471,18.397682473698218,3.8947474801980184,18.264365934033737,8.66557507819119,0.5391352833477899
7607.6,4.780752745218641,18.407205083674253,3.8947474801980184,18.273888544009775,8.675097688167225,0.5391352833477899
7640.966666666667,4.780981934696329,18.407205083674253,3.8947474801980184,18.264365934033737,8.675097688167225,0.5391352833477899
7674.333333333332,4.7789961655081585,18.397682473698218,3.8947474801980184,18.264365934033737,8.675097688167225,0.5391352833477899
7707.7,4.7796527441064836,18.397682473698218,3.8947474801980184,18.254843324057703,8.66557507819119,0.5391352833477899
7741.0666666666675,4.77328376311092,18.397682473698218,3.9042700901740535,18.254843324057703,8.675097688167225,0.5391352833477899
7774.4333333333325,4.768624059626447,18.397682473698218,3.9042700901740535,18.254843324057703,8.675097688167225,0.5391352833477899
7807.8,4.7627036662961615,18.397682473698218,3.913792700150088,18.264365934033737,8.675097688167225,0.5391352833477899
7841.166666666668,4.756269296008153,18.397682473698218,3.9233153101261222,18.254843324057703,8.675097688167225,0.5391352833477899
7874.533333333334,4.747253673046294,18.397682473698218,3.9328379201021564,18.254843324057703,8.675097688167225,0.5391352833477899
7907.9000000000015,4.737406706092512,18.397682473698218,3.9328379201021564,18.254843324057703,8.675097688167225,0.5391352833477899
7941.266666666666,4.729332658293023,18.407205083674253,3.942360530078191,18.254843324057703,8.66557507819119,0.5391352833477899
7974.633333333332,4.7243608600117115,18.407205083674253,3.942360530078191,18.254843324057703,8.66557507819119,0.5391352833477899
8008.0,4.720652667075089,18.407205083674253,3.9518831400542247,18.254843324057703,8.66557507819119,0.5391352833477899
8041.366666666668,4.7205826521493055,18.407205083674253,3.942360530078191,18.254843324057703,8.66557507819119,0.5391352833477899
8074.733333333334,4.72706715288315,18.407205083674253,3.942360530078191,18.254843324057703,8.66557507819119,0.5391352833477899
8108.1,4.736584331401843,18.407205083674253,3.942360530078191,18.254843324057703,8.675097688167225,0.5391352833477899
8141.466666666667,4.746794116309805,18.407205083674253,3.9328379201021564,18.264365934033737,8.675097688167225,0.5391352833477899
8174.833333333332,4.758982410857491,18.407205083674253,3.913792700150088,18.254843324057703,8.675097688167225,0.5391352833477899
8208.2,4.769949979191813,18.397682473698218,3.9042700901740535,18.254843324057703,8.675097688167225,0.5391352833477899
8241.566666666668,4.782835343361898,18.397682473698218,3.9042700901740535,18.254843324057703,8.675097688167225,0.5391352833477899
8274.933333333334,4.788191769472769,18.397682473698218,3.8947474801980184,18.254843324057703,8.68462029814326,0.5391352833477899
8308.3,4.7905573235672225,18.397682473698218,3.8947474801980184,18.254843324057703,8.68462029814326,0.5391352833477899
8341.666666666666,4.788043168075204,18.397682473698218,3.8947474801980184,18.264365934033737,8.68462029814326,0.5391352833477899
8375.033333333333,4.782349962230515,18.407205083674253,3.8947474801980184,18.254843324057703,8.675097688167225,0.5391352833477899
8408.4,4.772973417202776,18.407205083674253,3.913792700150088,18.264365934033737,8.675097688167225,0.5391352833477899
8441.766666666666,4.76392396606881,18.407205083674253,3.913792700150088,18.264365934033737,8.68462029814326,0.5391352833477899
8475.133333333333,4.758830405586794,18.407205083674253,3.9233153101261222,18.264365934033737,8.675097688167225,0.5391352833477899
8508.5,4.754876184883098,18.397682473698218,3.9233153101261222,18.254843324057703,8.675097688167225,0.5391352833477899
8541.866666666667,4.752484823778488,18.397682473698218,3.9233153101261222,18.254843324057703,8.675097688167225,0.5391352833477899
8575.233333333334,4.749878388724927,18.388159863722187,3.9233153101261222,18.254843324057703,8.675097688167225,0.5391352833477899
8608.6,4.747042425734653,18.397682473698218,3.9328379201021564,18.254843324057703,8.675097688167225,0.5391352833477899
8641.966666666667,4.746329784187461,18.397682473698218,3.9328379201021564,18.254843324057703,8.675097688167225,0.5391352833477899
8675.333333333334,4.742648160730874,18.397682473698218,3.9328379201021564,18.264365934033737,8.675097688167225,0.5391352833477899
8708.7,4.74217871941677,18.397682473698218,3.9328379201021564,18.254843324057703,8.675097688167225,0.5391352833477899
8742.066666666668,4.745154612659771,18.397682473698218,3.9328379201021564,18.254843324057703,8.675097688167225,0.5391352833477899
8775.433333333334,4.749841723151531,18.397682473698218,3.9328379201021564,18.254843324057703,8.675097688167225,0.5391352833477899
8808.8,4.751916803476023,18.397682473698218,3.9233153101261222,18.254843324057703,8.675097688167225,0.5391352833477899
8842.166666666666,4.756997531729381,18.397682473698218,3.913792700150088,18.254843324057703,8.675097688167225,0.5391352833477899
8875.533333333333,4.763299527384158,18.397682473698218,3.913792700150088,18.264365934033737,8.675097688167225,0.5391352833477899
8908.9,4.770548154383508,18.397682473698218,3.913792700150088,18.264365934033737,8.675097688167225,0.5391352833477899
8942.266666666666,4.77798817615882,18.397682473698218,3.9042700901740535,18.254843324057703,8.675097688167225,0.5391352833477899
8975.633333333333,4.780462337409514,18.397682473698218,3.8947474801980184,18.264365934033737,8.68462029814326,0.5391352833477899
9009.0,4.782788799214928,18.397682473698218,3.8947474801980184,18.254843324057703,8.675097688167225,0.5391352833477899
9042.366666666667,4.782051570702369,18.397682473698218,3.8947474801980184,18.264365934033737,8.675097688167225,0.5391352833477899
9075.733333333334,4.7760976524268255,18.397682473698218,3.9042700901740535,18.254843324057703,8.675097688167225,0.5391352833477899
9109.1,4.768906101080387,18.397682473698218,3.913792700150088,18.254843324057703,8.675097688167225,0.5391352833477899
9142.466666666667,4.7625081721835185,18.397682473698218,3.913792700150088,18.254843324057703,8.68462029814326,0.5391352833477899
9175.833333333334,4.759966661605667,18.397682473698218,3.9233153101261222,18.254843324057703,8.675097688167225,0.5391352833477899
9209.2,4.75430391595275,18.397682473698218,3.9233153101261222,18.264365934033737,8.675097688167225,0.5391352833477899
9242.566666666668,4.750836071832712,18.397682473698218,3.9233153101261222,18.254843324057703,8.675097688167225,0.5391352833477899
9275.933333333334,4.746271178193989,18.397682473698218,3.9328379201021564,18.254843324057703,8.675097688167225,0.5391352833477899
9309.3,4.741209171146437,18.397682473698218,3.9328379201021564,18.254843324057703,8.675097688167225,0.5391352833477899
9342.666666666666,4.740143690644202,18.397682473698218,3.9328379201021564,18.254843324057703,8.66557507819119,0.5391352833477899
9376.033333333333,4.73837100691375,18.397682473698218,3.9328379201021564,18.264365934033737,8.675097688167225,0.5391352833477899
9409.4,4.7400721926335585,18.397682473698218,3.9328379201021564,18.254843324057703,8.66557507819119,0.5391352833477899
9442.766666666666,4.743704628553815,18.397682473698218,3.9328379201021564,18.264365934033737,8.675097688167225,0.5391352833477899
9476.133333333333,4.748725123416991,18.397682473698218,3.9233153101261222,18.254843324057703,8.675097688167225,0.5391352833477899
9509.5,4.757118582046924,18.397682473698218,3.913792700150088,18.254843324057703,8.66557507819119,0.5391352833477899
9542.866666666667,4.76670956069204,18.397682473698218,3.913792700150088,18.254843324057703,8.675097688167225,0.5391352833477899
9576.233333333334,4.773650922961712,18.397682473698218,3.9042700901740535,18.264365934033737,8.675097688167225,0.5391352833477899
9609.6,4.777938590489655,18.407205083674253,3.8947474801980184,18.254843324057703,8.675097688167225,0.5391352833477899
9642.966666666667,4.778293676455561,18.397682473698218,3.8947474801980184,18.254843324057703,8.675097688167225,0.5391352833477899
9676.333333333334,4.776101976545209,18.397682473698218,3.8947474801980184,18.254843324057703,8.66557507819119,0.5391352833477899
9709.7,4.770103155108765,18.397682473698218,3.9042700901740535,18.254843324057703,8.66557507819119,0.5391352833477899
9743.066666666668,4.765196043316169,18.397682473698218,3.9042700901740535,18.254843324057703,8.675097688167225,0.5391352833477899
9776.433333333334,4.760397907510371,18.397682473698218,3.913792700150088,18.24532071408167,8.66557507819119,0.5391352833477899
9809.8,4.7591496640534,18.407205083674253,3.913792700150088,18.264365934033737,8.675097688167225,0.5391352833477899
9843.166666666666,4.756936260732502,18.397682473698218,3.913792700150088,18.254843324057703,8.66557507819119,0.5391352833477899
9876.533333333333,4.751759326861565,18.397682473698218,3.9233153101261222,18.264365934033737,8.675097688167225,0.5391352833477899
9909.9,4.745186458730292,18.397682473698218,3.9328379201021564,18.264365934033737,8.675097688167225,0.5391352833477899
9943.266666666666,4.738415116957975,18.397682473698218,3.9328379201021564,18.264365934033737,8.675097688167225,0.5391352833477899
9976.633333333333,4.731294080650038,18.397682473698218,3.942360530078191,18.254843324057703,8.66557507819119,0.5391352833477899
10010.0,4.726019551578336,18.397682473698218,3.942360530078191,18.254843324057703,8.66557507819119,0.5391352833477899
10043.366666666667,4.722306775158626,18.397682473698218,3.942360530078191,18.254843324057703,8.66557507819119,0.5391352833477899
10076.733333333334,4.7262360938559045,18.397682473698218,3.942360530078191,18.254843324057703,8.66557507819119,0.5391352833477899
10110.1,4.732515048858457,18.397682473698218,3.9328379201021564,18.254843324057703,8.66557507819119,0.5391352833477899
10143.466666666667,4.745061049382981,18.397682473698218,3.9328379201021564,18.24532071408167,8.66557507819119,0.5391352833477899
10176.833333333334,4.756209502300053,18.397682473698218,3.9233153101261222,18.264365934033737,8.68462029814326,0.5391352833477899
10210.2,4.769160799933937,18.397682473698218,3.9042700901740535,18.254843324057703,8.675097688167225,0.5391352833477899
10243.566666666668,4.778785109945188,18.388159863722187,3.9042700901740535,18.254843324057703,8.675097688167225,0.5391352833477899
10276.933333333334,4.786420332493571,18.397682473698218,3.8947474801980184,18.254843324057703,8.68462029814326,0.5391352833477899
10310.3,4.789175284282871,18.397682473698218,3.8947474801980184,18.254843324057703,8.675097688167225,0.5391352833477899
10343.666666666666,4.786885839578662,18.397682473698218,3.8947474801980184,18.264365934033737,8.68462029814326,0.5391352833477899
10377.033333333333,4.784272465107269,18.397682473698218,3.8947474801980184,18.254843324057703,8.675097688167225,0.5391352833477899
10410.4,4.778645028951974,18.397682473698218,3.9042700901740535,18.254843324057703,8.68462029814326,0.5391352833477899
10443.766666666666,4.770236556895498,18.397682473698218,3.913792700150088,18.254843324057703,8.675097688167225,0.5391352833477899
10477.133333333333,4.7612178456427925,18.407205083674253,3.9233153101261222,18.254843324057703,8.68462029814326,0.5391352833477899
10510.5,4.750421522123412,18.397682473698218,3.9233153101261222,18.254843324057703,8.675097688167225,0.5391352833477899
10543.866666666667,4.74374686878314,18.397682473698218,3.9233153101261222,18.254843324057703,8.66557507819119,0.5391352833477899
10577.233333333334,4.739355007857353,18.397682473698218,3.9328379201021564,18.254843324057703,8.66557507819119,0.5391352833477899
10610.6,4.739317646380922,18.397682473698218,3.942360530078191,18.254843324057703,8.675097688167225,0.5391352833477899
10643.966666666667,4.739276456986002,18.397682473698218,3.9328379201021564,18.264365934033737,8.675097688167225,0.5391352833477899
10677.333333333334,4.741244205612782,18.397682473698218,3.9328379201021564,18.254843324057703,8.675097688167225,0.5391352833477899
10710.7,4.743944170407673,18.397682473698218,3.9328379201021564,18.254843324057703,8.675097688167225,0.5391352833477899
10744.066666666668,4.745932085878461,18.397682473698218,3.9328379201021564,18.264365934033737,8.675097688167225,0.5391352833477899
10777.433333333334,4.748736503971066,18.397682473698218,3.9328379201021564,18.254843324057703,8.675097688167225,0.5391352833477899
10810.8,4.7526310018527695,18.397682473698218,3.9233153101261222,18.254843324057703,8.675097688167225,0.5391352833477899
10844.166666666666,4.759427559608989,18.397682473698218,3.913792700150088,18.264365934033737,8.675097688167225,0.5391352833477899
10877.533333333333,4.764479561082342,18.397682473698218,3.913792700150088,18.254843324057703,8.675097688167225,0.5391352833477899
10910.9,4.770759048499207,18.397682473698218,3.913792700150088,18.264365934033737,8.68462029814326,0.5391352833477899
10944.266666666666,4.778782696162823,18.397682473698218,3.9042700901740535,18.254843324057703,8.675097688167225,0.5391352833477899
10977.633333333333,4.782197290179427,18.397682473698218,3.9042700901740535,18.264365934033737,8.68462029814326,0.5391352833477899
11011.0,4.783324557470665,18.397682473698218,3.8947474801980184,18.254843324057703,8.675097688167225,0.5391352833477899
11044.366666666667,4.780223386602879,18.397682473698218,3.8947474801980184,18.264365934033737,8.68462029814326,0.5391352833477899
11077.733333333335,4.774152516653651,18.397682473698218,3.9042700901740535,18.254843324057703,8.675097688167225,0.5391352833477899
11111.1,4.76690860597228,18.388159863722187,3.913792700150088,18.24532071408167,8.66557507819119,0.5391352833477899
11144.466666666667,4.758724259459428,18.397682473698218,3.913792700150088,18.254843324057703,8.675097688167225,0.5391352833477899
11177.833333333336,4.752879346679441,18.397682473698218,3.9233153101261222,18.254843324057703,8.675097688167225,0.5391352833477899
11211.2,4.749104081986263,18.388159863722187,3.9233153101261222,18.254843324057703,8.675097688167225,0.5391352833477899
11244.566666666668,4.748740246417514,18.397682473698218,3.9328379201021564,18.254843324057703,8.675097688167225,0.5391352833477899
11277.933333333334,4.745326050919673,18.397682473698218,3.9328379201021564,18.254843324057703,8.675097688167225,0.5391352833477899
11311.3,4.743010476341373,18.388159863722187,3.9328379201021564,18.254843324057703,8.675097688167225,0.5391352833477899
11344.666666666664,4.742728699389566,18.397682473698218,3.9328379201021564,18.264365934033737,8.675097688167225,0.5391352833477899
11378.033333333333,4.743747428736314,18.397682473698218,3.9328379201021564,18.254843324057703,8.675097688167225,0.5391352833477899
11411.4,4.747416627584585,18.397682473698218,3.9328379201021564,18.254843324057703,8.675097688167225,0.5391352833477899
11444.766666666665,4.750989645389989,18.397682473698218,3.9233153101261222,18.254843324057703,8.675097688167225,0.5391352833477899
11478.133333333333,4.758255164128446,18.397682473698218,3.9233153101261222,18.254843324057703,8.675097688167225,0.5391352833477899
11511.5,4.768311724938245,18.397682473698218,3.913792700150088,18.264365934033737,8.68462029814326,0.5391352833477899
11544.866666666667,4.777357829456324,18.397682473698218,3.9042700901740535,18.254843324057703,8.675097688167225,0.5391352833477899
11578.233333333335,4.782529609020539,18.397682473698218,3.9042700901740535,18.264365934033737,8.68462029814326,0.5391352833477899
11611.6,4.784098974946891,18.397682473698218,3.8947474801980184,18.254843324057703,8.68462029814326,0.5391352833477899
11644.966666666667,4.783615109606113,18.397682473698218,3.8947474801980184,18.254843324057703,8.675097688167225,0.5391352833477899
11678.333333333336,4.778695544266122,18.397682473698218,3.9042700901740535,18.264365934033737,8.675097688167225,0.5391352833477899
11711.7,4.774407868558302,18.397682473698218,3.9042700901740535,18.254843324057703,8.675097688167225,0.5391352833477899
11745.066666666668,4.767867382822264,18.397682473698218,3.913792700150088,18.264365934033737,8.68462029814326,0.5391352833477899
11778.433333333334,4.762221220199243,18.397682473698218,3.913792700150088,18.254843324057703,8.675097688167225,0.5391352833477899
11811.8,4.7575021540414735,18.407205083674253,3.9233153101261222,18.254843324057703,8.675097688167225,0.5391352833477899
11845.166666666664,4.751650741939066,18.397682473698218,3.9233153101261222,18.254843324057703,8.675097688167225,0.5391352833477899
11878.533333333333,4.746148263848576,18.397682473698218,3.9328379201021564,18.254843324057703,8.675097688167225,0.5391352833477899
11911.9,4.745075866595076,18.397682473698218,3.9328379201021564,18.254843324057703,8.675097688167225,0.5391352833477899
11945.266666666665,4.7445764385880445,18.397682473698218,3.9328379201021564,18.254843324057703,8.675097688167225,0.5391352833477899
11978.633333333333,4.74395934605939,18.397682473698218,3.9328379201021564,18.254843324057703,8.675097688167225,0.5391352833477899
12012.0,4.743044125807714,18.397682473698218,3.9328379201021564,18.254843324057703,8.675097688167225,0.5391352833477899
12045.366666666667,4.741314343634714,18.397682473698218,3.9328379201021564,18.254843324057703,8.675097688167225,0.5391352833477899
12078.733333333335,4.738785944544632,18.397682473698218,3.942360530078191,18.254843324057703,8.675097688167225,0.5391352833477899
12112.1,4.742090438743448,18.388159863722187,3.9328379201021564,18.254843324057703,8.675097688167225,0.5391352833477899
12145.466666666667,4.748458306027685,18.397682473698218,3.9328379201021564,18.254843324057703,8.675097688167225,0.5391352833477899
12178.833333333336,4.757834098135831,18.397682473698218,3.9233153101261222,18.254843324057703,8.675097688167225,0.5391352833477899
12212.2,4.766009953597428,18.388159863722187,3.913792700150088,18.254843324057703,8.68462029814326,0.5391352833477899
12245.566666666668,4.77488999329931,18.388159863722187,3.9042700901740535,18.264365934033737,8.68462029814326,0.5391352833477899
12278.933333333334,4.781491177112252,18.397682473698218,3.9042700901740535,18.254843324057703,8.675097688167225,0.5391352833477899
12312.3,4.7849288042792475,18.397682473698218,3.9042700901740535,18.264365934033737,8.68462029814326,0.5391352833477899
12345.666666666664,4.783637379689426,18.397682473698218,3.9042700901740535,18.254843324057703,8.68462029814326,0.5391352833477899
12379.033333333333,4.781689973097443,18.397682473698218,3.8947474801980184,18.254843324057703,8.68462029814326,0.5391352833477899
12412.4,4.774740415959926,18.397682473698218,3.9042700901740535,18.254843324057703,8.675097688167225,0.5391352833477899
12445.766666666665,4.768495047548169,18.397682473698218,3.913792700150088,18.254843324057703,8.675097688167225,0.5391352833477899
12479.133333333333,4.7621099159431735,18.397682473698218,3.9233153101261222,18.264365934033737,8.68462029814326,0.5391352833477899
12512.5,4.756111152489295,18.397682473698218,3.9233153101261222,18.24532071408167,8.675097688167225,0.5391352833477899
12545.866666666667,4.750198235769783,18.397682473698218,3.9233153101261222,18.24532071408167,8.66557507819119,0.5391352833477899
12579.233333333335,4.746017838354886,18.397682473698218,3.9233153101261222,18.264365934033737,8.68462029814326,0.5391352833477899
12612.6,4.740265804014277,18.397682473698218,3.942360530078191,18.254843324057703,8.675097688167225,0.5391352833477899
12645.966666666667,4.735676172553287,18.397682473698218,3.942360530078191,18.24532071408167,8.66557507819119,0.5391352833477899
12679.333333333336,4.731856832290838,18.407205083674253,3.942360530078191,18.264365934033737,8.675097688167225,0.5391352833477899
12712.7,4.72936489719224,18.397682473698218,3.942360530078191,18.264365934033737,8.675097688167225,0.5391352833477899
12746.066666666668,4.732415497522393,18.407205083674253,3.942360530078191,18.264365934033737,8.675097688167225,0.5391352833477899
12779.433333333334,4.74154069544273,18.407205083674253,3.9328379201021564,18.254843324057703,8.66557507819119,0.5391352833477899
12812.8,4.748393391303312,18.397682473698218,3.9328379201021564,18.254843324057703,8.675097688167225,0.5391352833477899
12846.166666666664,4.758747168693063,18.397682473698218,3.913792700150088,18.254843324057703,8.675097688167225,0.5391352833477899
12879.533333333333,4.7688931506527865,18.388159863722187,3.9042700901740535,18.254843324057703,8.675097688167225,0.5391352833477899
12912.9,4.776447332611872,18.388159863722187,3.9042700901740535,18.254843324057703,8.675097688167225,0.5391352833477899
12946.266666666665,4.780314673761084,18.397682473698218,3.8947474801980184,18.254843324057703,8.675097688167225,0.5391352833477899
12979.633333333333,4.782548704845899,18.397682473698218,3.8947474801980184,18.254843324057703,8.675097688167225,0.5391352833477899
13013.0,4.780427847374938,18.397682473698218,3.8947474801980184,18.24532071408167,8.66557507819119,0.5391352833477899
13046.366666666667,4.775103530176386,18.388159863722187,3.9042700901740535,18.264365934033737,8.68462029814326,0.5391352833477899
13079.733333333335,4.769709979111593,18.397682473698218,3.9042700901740535,18.264365934033737,8.675097688167225,0.5391352833477899
13113.1,4.762914995116267,18.397682473698218,3.913792700150088,18.254843324057703,8.675097688167225,0.5391352833477899
13146.466666666667,4.756682865464177,18.397682473698218,3.9233153101261222,18.254843324057703,8.66557507819119,0.5391352833477899
13179.833333333336,4.7503658455377415,18.397682473698218,3.9233153101261222,18.254843324057703,8.675097688167225,0.5391352833477899
13213.2,4.74319325670731,18.397682473698218,3.9233153101261222,18.254843324057703,8.675097688167225,0.5391352833477899
13246.566666666668,4.7396827574166895,18.397682473698218,3.9328379201021564,18.254843324057703,8.66557507819119,0.5391352833477899
13279.933333333334,4.737639274275868,18.397682473698218,3.942360530078191,18.254843324057703,8.675097688167225,0.5391352833477899
13313.3,4.735478102363389,18.397682473698218,3.942360530078191,18.254843324057703,8.675097688167225,0.5391352833477899
13346.666666666664,4.736413427156767,18.397682473698218,3.942360530078191,18.254843324057703,8.675097688167225,0.5391352833477899
13380.033333333333,4.74038267466587,18.388159863722187,3.9328379201021564,18.254843324057703,8.675097688167225,0.5391352833477899
13413.4,4.743973329004889,18.397682473698218,3.9328379201021564,18.254843324057703,8.675097688167225,0.5391352833477899
13446.766666666665,4.744646810129874,18.397682473698218,3.9328379201021564,18.254843324057703,8.675097688167225,0.5391352833477899
13480.133333333333,4.748717807839369,18.397682473698218,3.9328379201021564,18.254843324057703,8.68462029814326,0.5391352833477899
13513.5,4.756659530578184,18.397682473698218,3.9233153101261222,18.254843324057703,8.66557507819119,0.5391352833477899
13546.866666666667,4.762361959573304,18.397682473698218,3.913792700150088,18.254843324057703,8.675097688167225,0.5391352833477899
13580.233333333335,4.76830581000359,18.397682473698218,3.9042700901740535,18.254843324057703,8.675097688167225,0.5391352833477899
13613.6,4.774836812942169,18.397682473698218,3.8947474801980184,18.264365934033737,8.675097688167225,0.5391352833477899
13646.966666666667,4.776421616057904,18.397682473698218,3.9042700901740535,18.254843324057703,8.675097688167225,0.5391352833477899
13680.333333333336,4.776867138487266,18.397682473698218,3.9042700901740535,18.24532071408167,8.66557507819119,0.5391352833477899
13713.7,4.772230483228048,18.397682473698218,3.9042700901740535,18.264365934033737,8.68462029814326,0.5391352833477899
13747.066666666668,4.767819257970477,18.397682473698218,3.913792700150088,18.264365934033737,8.68462029814326,0.5391352833477899
13780.433333333334,4.7618392417853554,18.397682473698218,3.913792700150088,18.24532071408167,8.66557507819119,0.5391352833477899
13813.8,4.756505245891917,18.397682473698218,3.9233153101261222,18.273888544009775,8.68462029814326,0.5391352833477899
13847.166666666664,4.750740725348301,18.397682473698218,3.9233153101261222,18.254843324057703,8.66557507819119,0.5391352833477899
13880.533333333333,4.746308177509144,18.407205083674253,3.9328379201021564,18.254843324057703,8.675097688167225,0.5391352833477899
13913.9,4.742851658377466,18.397682473698218,3.9328379201021564,18.254843324057703,8.675097688167225,0.5391352833477899
13947.266666666665,4.737633590343527,18.397682473698218,3.9328379201021564,18.254843324057703,8.675097688167225,0.5391352833477899
13980.633333333333,4.733829184771689,18.397682473698218,3.942360530078191,18.254843324057703,8.675097688167225,0.5391352833477899
14014.0,4.732230957826201,18.397682473698218,3.942360530078191,18.254843324057703,8.66557507819119,0.5391352833477899
14047.366666666667,4.731546698647274,18.397682473698218,3.942360530078191,18.254843324057703,8.66557507819119,0.5391352833477899
14080.733333333335,4.735372611876151,18.397682473698218,3.9328379201021564,18.254843324057703,8.675097688167225,0.5391352833477899
14114.1,4.74145412035346,18.397682473698218,3.9328379201021564,18.254843324057703,8.675097688167225,0.5391352833477899
14147.466666666667,4.75114801485616,18.388159863722187,3.9328379201021564,18.254843324057703,8.675097688167225,0.5391352833477899
14180.833333333336,4.7605322462806985,18.397682473698218,3.9233153101261222,18.264365934033737,8.68462029814326,0.5391352833477899
14214.2,4.765587636608237,18.397682473698218,3.913792700150088,18.254843324057703,8.675097688167225,0.5391352833477899
14247.566666666668,4.772029151825006,18.397682473698218,3.9042700901740535,18.254843324057703,8.675097688167225,0.5391352833477899
14280.933333333334,4.776312074508185,18.397682473698218,3.9042700901740535,18.264365934033737,8.68462029814326,0.5391352833477899
14314.3,4.777729647596885,18.397682473698218,3.9042700901740535,18.254843324057703,8.675097688167225,0.5391352833477899
14347.666666666664,4.776894636700817,18.397682473698218,3.9042700901740535,18.254843324057703,8.675097688167225,0.5391352833477899
14381.033333333333,4.775597197786616,18.397682473698218,3.9042700901740535,18.264365934033737,8.68462029814326,0.5391352833477899
14414.4,4.771887156631273,18.397682473698218,3.913792700150088,18.254843324057703,8.675097688167225,0.5391352833477899
14447.766666666665,4.763031426505388,18.397682473698218,3.913792700150088,18.264365934033737,8.68462029814326,0.5391352833477899
14481.133333333333,4.755318620955394,18.397682473698218,3.9233153101261222,18.254843324057703,8.675097688167225,0.5391352833477899
14514.5,4.744997125792891,18.397682473698218,3.9328379201021564,18.264365934033737,8.675097688167225,0.5391352833477899
14547.866666666667,4.736983951449532,18.397682473698218,3.9328379201021564,18.254843324057703,8.66557507819119,0.5391352833477899
14581.233333333335,4.73352438704316,18.397682473698218,3.9328379201021564,18.24532071408167,8.656052468215156,0.5391352833477899
14614.6,4.730001975722913,18.397682473698218,3.9328379201021564,18.264365934033737,8.675097688167225,0.5391352833477899
14647.966666666667,4.731752439308443,18.397682473698218,3.942360530078191,18.264365934033737,8.66557507819119,0.5391352833477899
14681.333333333336,4.734461349574235,18.397682473698218,3.942360530078191,18.254843324057703,8.675097688167225,0.5391352833477899
14714.7,4.73471332899169,18.397682473698218,3.942360530078191,18.254843324057703,8.675097688167225,0.5391352833477899
14748.066666666668,4.735121574997003,18.397682473698218,3.942360530078191,18.254843324057703,8.675097688167225,0.5391352833477899
14781.433333333334,4.740267353181676,18.397682473698218,3.9328379201021564,18.254843324057703,8.675097688167225,0.5391352833477899
14814.8,4.748006092648833,18.397682473698218,3.9328379201021564,18.254843324057703,8.675097688167225,0.5391352833477899
14848.166666666664,4.752997796931474,18.397682473698218,3.9233153101261222,18.24532071408167,8.66557507819119,0.5391352833477899
14881.533333333333,4.76138882231287,18.397682473698218,3.913792700150088,18.264365934033737,8.68462029814326,0.5391352833477899
14914.9,4.76940852739411,18.397682473698218,3.9042700901740535,18.264365934033737,8.675097688167225,0.5391352833477899
14948.266666666665,4.7756771515302585,18.397682473698218,3.9042700901740535,18.254843324057703,8.66557507819119,0.5391352833477899
14981.633333333333,4.780586776363247,18.397682473698218,3.9042700901740535,18.264365934033737,8.68462029814326,0.5391352833477899
15015.0,4.775628838305795,18.397682473698218,3.9042700901740535,18.264365934033737,8.68462029814326,0.5391352833477899
15048.366666666667,4.769934324733839,18.407205083674253,3.913792700150088,18.254843324057703,8.68462029814326,0.5391352833477899
15081.733333333335,4.76777860631305,18.397682473698218,3.913792700150088,18.254843324057703,8.675097688167225,0.5391352833477899
15115.1,4.758984140212298,18.397682473698218,3.9233153101261222,18.254843324057703,8.675097688167225,0.5391352833477899
15148.466666666667,4.749473774281356,18.397682473698218,3.9328379201021564,18.254843324057703,8.675097688167225,0.5391352833477899
15181.833333333336,4.744214364491556,18.397682473698218,3.9233153101261222,18.254843324057703,8.68462029814326,0.5391352833477899
15215.2,4.74134794690676,18.397682473698218,3.942360530078191,18.254843324057703,8.675097688167225,0.5391352833477899
15248.566666666668,4.739276738769053,18.397682473698218,3.942360530078191,18.24532071408167,8.66557507819119,0.5391352833477899
15281.933333333334,4.736597118155588,18.397682473698218,3.942360530078191,18.264365934033737,8.68462029814326,0.5391352833477899
15315.3,4.7310034747190315,18.397682473698218,3.942360530078191,18.254843324057703,8.675097688167225,0.5391352833477899
15348.666666666664,4.729930583839213,18.388159863722187,3.942360530078191,18.254843324057703,8.675097688167225,0.5391352833477899
15382.033333333333,4.730923102434831,18.388159863722187,3.942360530078191,18.254843324057703,8.66557507819119,0.5391352833477899
15415.4,4.730439718405618,18.397682473698218,3.942360530078191,18.254843324057703,8.66557507819119,0.5391352833477899
15448.766666666665,4.733900003545125,18.397682473698218,3.942360530078191,18.254843324057703,8.675097688167225,0.5391352833477899
15482.133333333333,4.744471253058,18.397682473698218,3.9328379201021564,18.254843324057703,8.68462029814326,0.5391352833477899
15515.5,4.755226895663824,18.397682473698218,3.9328379201021564,18.254843324057703,8.675097688167225,0.5391352833477899
15548.866666666667,4.766968254337435,18.397682473698218,3.913792700150088,18.254843324057703,8.68462029814326,0.5391352833477899
15582.233333333335,4.776014322754438,18.397682473698218,3.913792700150088,18.254843324057703,8.68462029814326,0.5391352833477899
15615.6,4.780634991137729,18.397682473698218,3.9042700901740535,18.254843324057703,8.68462029814326,0.5391352833477899
15648.966666666667,4.782040213505065,18.397682473698218,3.9042700901740535,18.254843324057703,8.68462029814326,0.5391352833477899
15682.333333333336,4.781452587475587,18.397682473698218,3.913792700150088,18.254843324057703,8.694142908119295,0.5391352833477899
15715.7,4.773010096007921,18.397682473698218,3.913792700150088,18.264365934033737,8.68462029814326,0.5391352833477899
15749.066666666668,4.7674895028778055,18.397682473698218,3.9233153101261222,18.254843324057703,8.68462029814326,0.5391352833477899
15782.433333333334,4.757926016537737,18.397682473698218,3.9233153101261222,18.254843324057703,8.68462029814326,0.5391352833477899
15815.8,4.75429286134043,18.397682473698218,3.9328379201021564,18.254843324057703,8.68462029814326,0.5391352833477899
15849.166666666664,4.752630050939261,18.397682473698218,3.9328379201021564,18.254843324057703,8.675097688167225,0.5391352833477899
15882.533333333333,4.75024992975079,18.397682473698218,3.9328379201021564,18.254843324057703,8.68462029814326,0.5391352833477899
15915.9,4.744827735437815,18.397682473698218,3.9328379201021564,18.254843324057703,8.675097688167225,0.5391352833477899
15949.266666666665,4.73926943418769,18.397682473698218,3.9328379201021564,18.264365934033737,8.68462029814326,0.5391352833477899
15982.633333333333,4.736689392468033,18.397682473698218,3.942360530078191,18.24532071408167,8.66557507819119,0.5391352833477899
16016.0,4.73287873548164,18.397682473698218,3.9518831400542247,18.24532071408167,8.675097688167225,0.5391352833477899
16049.366666666667,4.732358272237542,18.397682473698218,3.9518831400542247,18.254843324057703,8.68462029814326,0.5391352833477899
16082.733333333335,4.737167707985159,18.388159863722187,3.942360530078191,18.254843324057703,8.68462029814326,0.5391352833477899
16116.1,4.74308503265719,18.388159863722187,3.942360530078191,18.254843324057703,8.68462029814326,0.5391352833477899
16149.466666666667,4.752335875386722,18.397682473698218,3.9328379201021564,18.254843324057703,8.675097688167225,0.5391352833477899
16182.833333333336,4.7582946651177025,18.397682473698218,3.9233153101261222,18.264365934033737,8.68462029814326,0.5391352833477899
16216.2,4.764796993636143,18.397682473698218,3.913792700150088,18.254843324057703,8.675097688167225,0.5391352833477899
16249.566666666668,4.773671719207883,18.388159863722187,3.9042700901740535,18.24532071408167,8.675097688167225,0.5391352833477899
16282.933333333334,4.781382747706953,18.397682473698218,3.9042700901740535,18.254843324057703,8.68462029814326,0.5391352833477899
16316.3,4.7846119916394745,18.397682473698218,3.9042700901740535,18.254843324057703,8.68462029814326,0.5391352833477899
16349.666666666664,4.78209044105236,18.397682473698218,3.9042700901740535,18.254843324057703,8.68462029814326,0.5391352833477899
16383.033333333333,4.776623338199318,18.397682473698218,3.9042700901740535,18.254843324057703,8.68462029814326,0.5391352833477899
16416.4,4.764982490444554,18.397682473698218,3.913792700150088,18.254843324057703,8.675097688167225,0.5391352833477899
16449.766666666666,4.754350375884205,18.397682473698218,3.9233153101261222,18.254843324057703,8.675097688167225,0.5391352833477899
16483.133333333335,4.749676936721276,18.397682473698218,3.9328379201021564,18.24532071408167,8.675097688167225,0.5391352833477899
16516.5,4.746308146093082,18.397682473698218,3.9328379201021564,18.254843324057703,8.675097688167225,0.5391352833477899
16549.86666666667,4.744801728326686,18.397682473698218,3.9328379201021564,18.254843324057703,8.675097688167225,0.5391352833477899
16583.233333333334,4.744966575592633,18.397682473698218,3.9328379201021564,18.254843324057703,8.68462029814326,0.5391352833477899
16616.6,4.7404295778775385,18.397682473698218,3.9328379201021564,18.254843324057703,8.675097688167225,0.5391352833477899
16649.966666666667,4.735855587795329,18.397682473698218,3.942360530078191,18.254843324057703,8.66557507819119,0.5391352833477899
16683.333333333332,4.7335323006489025,18.397682473698218,3.942360530078191,18.254843324057703,8.675097688167225,0.5391352833477899
16716.7,4.734508588036925,18.397682473698218,3.942360530078191,18.254843324057703,8.675097688167225,0.5391352833477899
16750.066666666666,4.738301278883251,18.388159863722187,3.942360530078191,18.254843324057703,8.675097688167225,0.5391352833477899
16783.433333333334,4.746646713116546,18.388159863722187,3.9328379201021564,18.264365934033737,8.68462029814326,0.5391352833477899
16816.8,4.752738415683519,18.397682473698218,3.9233153101261222,18.24532071408167,8.675097688167225,0.5391352833477899
16850.166666666668,4.757916766625663,18.397682473698218,3.9233153101261222,18.254843324057703,8.675097688167225,0.5391352833477899
16883.533333333333,4.765576600196192,18.397682473698218,3.9233153101261222,18.254843324057703,8.68462029814326,0.5391352833477899
16916.9,4.771934007019898,18.397682473698218,3.913792700150088,18.254843324057703,8.68462029814326,0.5391352833477899
16950.266666666666,4.775163783005858,18.397682473698218,3.9042700901740535,18.254843324057703,8.675097688167225,0.5391352833477899
16983.633333333335,4.776256717551059,18.397682473698218,3.8947474801980184,18.254843324057703,8.675097688167225,0.5391352833477899
17017.0,4.771153471406109,18.397682473698218,3.9042700901740535,18.254843324057703,8.675097688167225,0.5391352833477899
17050.36666666667,4.765532704218791,18.397682473698218,3.913792700150088,18.254843324057703,8.675097688167225,0.5391352833477899
17083.733333333334,4.759694443115666,18.397682473698218,3.9233153101261222,18.254843324057703,8.675097688167225,0.5391352833477899
17117.1,4.755612844815,18.388159863722187,3.9233153101261222,18.254843324057703,8.675097688167225,0.5391352833477899
17150.466666666667,4.750139190273356,18.397682473698218,3.9233153101261222,18.254843324057703,8.675097688167225,0.5391352833477899
17183.833333333332,4.745824611996818,18.397682473698218,3.9328379201021564,18.254843324057703,8.68462029814326,0.5391352833477899
17217.2,4.739901180238854,18.397682473698218,3.942360530078191,18.254843324057703,8.675097688167225,0.5391352833477899
17250.566666666666,4.735891687623693,18.397682473698218,3.942360530078191,18.254843324057703,8.675097688167225,0.5391352833477899
17283.933333333334,4.732212741803976,18.397682473698218,3.942360530078191,18.254843324057703,8.66557507819119,0.5391352833477899
17317.3,4.73024920857429,18.388159863722187,3.942360530078191,18.254843324057703,8.675097688167225,0.5391352833477899
17350.666666666668,4.730147682708466,18.388159863722187,3.942360530078191,18.254843324057703,8.675097688167225,0.5391352833477899
17384.033333333333,4.731123106027917,18.388159863722187,3.942360530078191,18.254843324057703,8.675097688167225,0.5391352833477899
17417.4,4.7328440812705015,18.397682473698218,3.942360530078191,18.254843324057703,8.66557507819119,0.5391352833477899
17450.766666666666,4.737869257190409,18.397682473698218,3.942360530078191,18.254843324057703,8.675097688167225,0.5391352833477899
17484.133333333335,4.741557448630082,18.397682473698218,3.9328379201021564,18.254843324057703,8.675097688167225,0.5391352833477899
17517.5,4.749755852282255,18.397682473698218,3.9233153101261222,18.254843324057703,8.675097688167225,0.5391352833477899
17550.86666666667,4.761686997268625,18.397682473698218,3.913792700150088,18.254843324057703,8.675097688167225,0.5391352833477899
17584.233333333334,4.771802673133117,18.397682473698218,3.913792700150088,18.254843324057703,8.675097688167225,0.5391352833477899
17617.6,4.777705364037883,18.397682473698218,3.9042700901740535,18.254843324057703,8.675097688167225,0.5391352833477899
17650.966666666667,4.7795921654155045,18.397682473698218,3.8947474801980184,18.254843324057703,8.68462029814326,0.5391352833477899
17684.333333333332,4.777517695233531,18.397682473698218,3.9042700901740535,18.264365934033737,8.68462029814326,0.5391352833477899
17717.7,4.772849348349441,18.397682473698218,3.913792700150088,18.254843324057703,8.675097688167225,0.5391352833477899
17751.066666666666,4.765200717762194,18.397682473698218,3.913792700150088,18.254843324057703,8.675097688167225,0.5391352833477899
17784.433333333334,4.754872935403382,18.397682473698218,3.9233153101261222,18.24532071408167,8.675097688167225,0.5391352833477899
17817.8,4.748374653056021,18.397682473698218,3.9233153101261222,18.254843324057703,8.675097688167225,0.5391352833477899
17851.166666666668,4.744207870051355,18.397682473698218,3.9328379201021564,18.254843324057703,8.675097688167225,0.5391352833477899
17884.533333333333,4.738804058614127,18.388159863722187,3.942360530078191,18.254843324057703,8.675097688167225,0.5391352833477899
17917.9,4.733820829432734,18.388159863722187,3.942360530078191,18.254843324057703,8.675097688167225,0.5391352833477899
17951.266666666666,4.730960690470643,18.388159863722187,3.942360530078191,18.254843324057703,8.675097688167225,0.5391352833477899
17984.633333333335,4.730719272001711,18.388159863722187,3.942360530078191,18.254843324057703,8.66557507819119,0.5391352833477899
18018.0,4.731266689124619,18.388159863722187,3.942360530078191,18.254843324057703,8.675097688167225,0.5391352833477899
18051.36666666667,4.733425101924726,18.388159863722187,3.942360530078191,18.254843324057703,8.675097688167225,0.5391352833477899
18084.733333333334,4.736954712968972,18.388159863722187,3.942360530078191,18.24532071408167,8.675097688167225,0.5391352833477899
18118.1,4.74273060177555,18.388159863722187,3.9328379201021564,18.24532071408167,8.675097688167225,0.5391352833477899
18151.466666666667,4.748688837988873,18.388159863722187,3.9328379201021564,18.254843324057703,8.675097688167225,0.5391352833477899
18184.83333333333,4.756108533371077,18.388159863722187,3.9233153101261222,18.254843324057703,8.68462029814326,0.5391352833477899
18218.2,4.767280577191825,18.388159863722187,3.913792700150088,18.254843324057703,8.675097688167225,0.5391352833477899
18251.566666666666,4.775571149829064,18.397682473698218,3.913792700150088,18.254843324057703,8.68462029814326,0.5391352833477899
18284.933333333334,4.783129505031513,18.397682473698218,3.8947474801980184,18.254843324057703,8.675097688167225,0.5391352833477899
18318.3,4.784610170773306,18.397682473698218,3.8947474801980184,18.254843324057703,8.68462029814326,0.5391352833477899
18351.666666666668,4.782908630054977,18.388159863722187,3.9042700901740535,18.254843324057703,8.68462029814326,0.5391352833477899
18385.033333333333,4.776992988542051,18.397682473698218,3.913792700150088,18.254843324057703,8.68462029814326,0.5391352833477899
18418.4,4.769190297059999,18.397682473698218,3.913792700150088,18.254843324057703,8.68462029814326,0.5391352833477899
18451.766666666666,4.761871227155245,18.388159863722187,3.9233153101261222,18.254843324057703,8.675097688167225,0.5391352833477899
18485.13333333333,4.755133268922814,18.397682473698218,3.9233153101261222,18.254843324057703,8.68462029814326,0.5391352833477899
18518.5,4.751800641491781,18.388159863722187,3.9328379201021564,18.24532071408167,8.675097688167225,0.5391352833477899
18551.86666666667,4.744520510948369,18.388159863722187,3.9328379201021564,18.254843324057703,8.68462029814326,0.5391352833477899
18585.233333333334,4.7392898041491245,18.397682473698218,3.942360530078191,18.254843324057703,8.675097688167225,0.5391352833477899
18618.6,4.73575631971044,18.388159863722187,3.942360530078191,18.254843324057703,8.675097688167225,0.5391352833477899
18651.966666666667,4.731899272411418,18.388159863722187,3.942360530078191,18.254843324057703,8.675097688167225,0.5391352833477899
18685.33333333333,4.732170488046464,18.388159863722187,3.942360530078191,18.254843324057703,8.66557507819119,0.5391352833477899
18718.7,4.7336710563334705,18.397682473698218,3.942360530078191,18.254843324057703,8.68462029814326,0.5391352833477899
18752.066666666666,4.741381464173695,18.388159863722187,3.942360530078191,18.254843324057703,8.675097688167225,0.5391352833477899
18785.433333333334,4.74585914636627,18.397682473698218,3.942360530078191,18.254843324057703,8.68462029814326,0.5391352833477899
18818.8,4.752038171560676,18.397682473698218,3.9328379201021564,18.254843324057703,8.68462029814326,0.5391352833477899
18852.166666666668,4.758299794195967,18.397682473698218,3.9233153101261222,18.254843324057703,8.68462029814326,0.5391352833477899
18885.533333333333,4.76455798751754,18.397682473698218,3.9233153101261222,18.254843324057703,8.68462029814326,0.5391352833477899
18918.9,4.773215141574435,18.397682473698218,3.913792700150088,18.254843324057703,8.675097688167225,0.5391352833477899
18952.266666666666,4.778050724571979,18.397682473698218,3.9042700901740535,18.254843324057703,8.68462029814326,0.5391352833477899
18985.63333333333,4.780028824420243,18.397682473698218,3.9042700901740535,18.254843324057703,8.68462029814326,0.5391352833477899
19019.0,4.778789326858584,18.397682473698218,3.9042700901740535,18.254843324057703,8.68462029814326,0.5391352833477899
19052.36666666667,4.774834080750706,18.397682473698218,3.9042700901740535,18.254843324057703,8.675097688167225,0.5391352833477899
19085.733333333334,4.766926376509821,18.397682473698218,3.913792700150088,18.254843324057703,8.675097688167225,0.5391352833477899
19119.1,4.755305655838713,18.397682473698218,3.9233153101261222,18.254843324057703,8.675097688167225,0.5391352833477899
19152.466666666667,4.749462903985135,18.397682473698218,3.9233153101261222,18.254843324057703,8.675097688167225,0.5391352833477899
19185.83333333333,4.744232134093133,18.397682473698218,3.9328379201021564,18.254843324057703,8.675097688167225,0.5391352833477899
19219.2,4.73913656552907,18.397682473698218,3.942360530078191,18.24532071408167,8.675097688167225,0.5391352833477899
19252.566666666666,4.736120575236121,18.397682473698218,3.942360530078191,18.24532071408167,8.675097688167225,0.5391352833477899
19285.933333333334,4.73536201642783,18.397682473698218,3.942360530078191,18.254843324057703,8.68462029814326,0.5391352833477899
19319.3,4.735541781842333,18.397682473698218,3.942360530078191,18.24532071408167,8.66557507819119,0.5391352833477899
19352.666666666668,4.734970353667016,18.388159863722187,3.942360530078191,18.24532071408167,8.675097688167225,0.5391352833477899
19386.033333333333,4.735007391522338,18.388159863722187,3.942360530078191,18.254843324057703,8.68462029814326,0.5391352833477899
19419.4,4.736364345353365,18.388159863722187,3.942360530078191,18.24532071408167,8.675097688167225,0.5391352833477899
19452.766666666666,4.739911864092507,18.388159863722187,3.942360530078191,18.254843324057703,8.675097688167225,0.5391352833477899
19486.13333333333,4.748705228965794,18.388159863722187,3.9328379201021564,18.254843324057703,8.675097688167225,0.5391352833477899
19519.5,4.755102265116667,18.388159863722187,3.9233153101261222,18.254843324057703,8.68462029814326,0.5391352833477899
19552.86666666667,4.765230701977037,18.397682473698218,3.913792700150088,18.254843324057703,8.675097688167225,0.5391352833477899
19586.233333333334,4.773517072034433,18.397682473698218,3.9042700901740535,18.254843324057703,8.675097688167225,0.5391352833477899
19619.6,4.778787480690309,18.388159863722187,3.9042700901740535,18.254843324057703,8.68462029814326,0.5391352833477899
19652.966666666667,4.779651231145925,18.388159863722187,3.9042700901740535,18.24532071408167,8.675097688167225,0.5391352833477899
19686.33333333333,4.778313515484474,18.397682473698218,3.9042700901740535,18.254843324057703,8.68462029814326,0.5391352833477899
19719.7,4.773913733222221,18.397682473698218,3.913792700150088,18.254843324057703,8.68462029814326,0.5391352833477899
19753.066666666666,4.768271858659778,18.397682473698218,3.913792700150088,18.254843324057703,8.68462029814326,0.5391352833477899
19786.433333333334,4.7612444951550765,18.397682473698218,3.9233153101261222,18.254843324057703,8.675097688167225,0.5391352833477899
19819.8,4.751841514037271,18.397682473698218,3.9328379201021564,18.254843324057703,8.68462029814326,0.5391352833477899
19853.166666666668,4.743060926043774,18.397682473698218,3.9328379201021564,18.24532071408167,8.675097688167225,0.5391352833477899
19886.533333333333,4.7388205911301,18.388159863722187,3.9328379201021564,18.254843324057703,8.675097688167225,0.5391352833477899
19919.9,4.735612727137158,18.388159863722187,3.942360530078191,18.24532071408167,8.66557507819119,0.5391352833477899
19953.266666666666,4.736643646712886,18.388159863722187,3.942360530078191,18.24532071408167,8.675097688167225,0.5391352833477899
19986.63333333333,4.736862153873202,18.388159863722187,3.942360530078191,18.254843324057703,8.68462029814326,0.5391352833477899
20020.0,4.735187811569814,18.388159863722187,3.942360530078191,18.24532071408167,8.675097688167225,0.5391352833477899
20053.36666666667,4.732418199237592,18.388159863722187,3.942360530078191,18.254843324057703,8.675097688167225,0.5391352833477899
20086.733333333334,4.731439507373082,18.388159863722187,3.942360530078191,18.254843324057703,8.675097688167225,0.5391352833477899
20120.1,4.73303710558484,18.388159863722187,3.942360530078191,18.24532071408167,8.66557507819119,0.5391352833477899
20153.466666666667,4.742114420310804,18.388159863722187,3.9328379201021564,18.24532071408167,8.66557507819119,0.5391352833477899
20186.83333333333,4.756741741005058,18.388159863722187,3.9233153101261222,18.264365934033737,8.68462029814326,0.5391352833477899
20220.2,4.769639924400686,18.397682473698218,3.913792700150088,18.254843324057703,8.68462029814326,0.5391352833477899
20253.566666666666,4.78013991647356,18.397682473698218,3.9042700901740535,18.254843324057703,8.68462029814326,0.5391352833477899
20286.933333333334,4.785348968217725,18.397682473698218,3.9042700901740535,18.254843324057703,8.68462029814326,0.5391352833477899
20320.3,4.781384972986139,18.397682473698218,3.9042700901740535,18.254843324057703,8.68462029814326,0.5391352833477899
20353.666666666668,4.777111247017153,18.397682473698218,3.913792700150088,18.254843324057703,8.68462029814326,0.5391352833477899
20387.033333333333,4.769479144767215,18.388159863722187,3.913792700150088,18.254843324057703,8.68462029814326,0.5391352833477899
20420.4,4.761912378394704,18.388159863722187,3.9233153101261222,18.254843324057703,8.68462029814326,0.5391352833477899
20453.766666666666,4.756632062778538,18.397682473698218,3.9233153101261222,18.254843324057703,8.675097688167225,0.5391352833477899
20487.13333333333,4.751784038475455,18.397682473698218,3.9233153101261222,18.24532071408167,8.675097688167225,0.5391352833477899
20520.5,4.745299055117106,18.397682473698218,3.9328379201021564,18.24532071408167,8.66557507819119,0.5391352833477899
20553.86666666667,4.739943787177607,18.388159863722187,3.9328379201021564,18.254843324057703,8.68462029814326,0.5391352833477899
20587.233333333334,4.735700016284818,18.388159863722187,3.942360530078191,18.254843324057703,8.675097688167225,0.5391352833477899
20620.6,4.730549194653576,18.388159863722187,3.942360530078191,18.254843324057703,8.66557507819119,0.5391352833477899
20653.966666666667,4.727763517295283,18.388159863722187,3.942360530078191,18.254843324057703,8.66557507819119,0.5391352833477899
20687.33333333333,4.7282238665286265,18.388159863722187,3.942360530078191,18.254843324057703,8.675097688167225,0.5391352833477899
20720.7,4.727988168359049,18.388159863722187,3.9518831400542247,18.254843324057703,8.675097688167225,0.5391352833477899
20754.066666666666,4.734925278468002,18.388159863722187,3.942360530078191,18.254843324057703,8.675097688167225,0.5391352833477899
20787.433333333334,4.7403656872848625,18.388159863722187,3.9328379201021564,18.254843324057703,8.675097688167225,0.5391352833477899
20820.8,4.747735666545026,18.388159863722187,3.9328379201021564,18.254843324057703,8.675097688167225,0.5391352833477899
20854.166666666668,4.756817631061207,18.397682473698218,3.9233153101261222,18.254843324057703,8.675097688167225,0.5391352833477899
20887.533333333333,4.767497219939955,18.397682473698218,3.913792700150088,18.264365934033737,8.68462029814326,0.5391352833477899
20920.9,4.7756357447512485,18.388159863722187,3.913792700150088,18.254843324057703,8.68462029814326,0.5391352833477899
20954.266666666666,4.781612170562084,18.397682473698218,3.9042700901740535,18.254843324057703,8.68462029814326,0.5391352833477899
20987.63333333333,4.782399266294765,18.397682473698218,3.9042700901740535,18.254843324057703,8.68462029814326,0.5391352833477899
21021.0,4.778592723167427,18.397682473698218,3.9042700901740535,18.254843324057703,8.68462029814326,0.5391352833477899
21054.36666666667,4.774701897083396,18.397682473698218,3.913792700150088,18.254843324057703,8.68462029814326,0.5391352833477899
21087.733333333334,4.768469019786842,18.397682473698218,3.913792700150088,18.24532071408167,8.675097688167225,0.5391352833477899
21121.1,4.762828731813726,18.388159863722187,3.9233153101261222,18.254843324057703,8.68462029814326,0.5391352833477899
21154.466666666667,4.7588772467206635,18.388159863722187,3.9233153101261222,18.24532071408167,8.68462029814326,0.5391352833477899
21187.83333333333,4.754527109078283,18.388159863722187,3.9233153101261222,18.24532071408167,8.675097688167225,0.5391352833477899
21221.2,4.749640126592737,18.388159863722187,3.9328379201021564,18.254843324057703,8.675097688167225,0.5391352833477899
21254.566666666666,4.745237089292936,18.388159863722187,3.9328379201021564,18.254843324057703,8.68462029814326,0.5391352833477899
21287.933333333334,4.740059386705427,18.388159863722187,3.942360530078191,18.254843324057703,8.675097688167225,0.5391352833477899
21321.3,4.735678571046953,18.388159863722187,3.942360530078191,18.254843324057703,8.675097688167225,0.5391352833477899
21354.666666666668,4.732893884598973,18.388159863722187,3.942360530078191,18.24532071408167,8.675097688167225,0.5391352833477899
21388.033333333333,4.729501954533271,18.388159863722187,3.942360530078191,18.254843324057703,8.675097688167225,0.5391352833477899
21421.4,4.730466734026895,18.388159863722187,3.942360530078191,18.24532071408167,8.66557507819119,0.5391352833477899
21454.766666666666,4.73725742019342,18.397682473698218,3.942360530078191,18.24532071408167,8.675097688167225,0.5391352833477899
21488.13333333333,4.743550773226893,18.397682473698218,3.9328379201021564,18.254843324057703,8.675097688167225,0.5391352833477899
21521.5,4.755019077487762,18.397682473698218,3.9233153101261222,18.24532071408167,8.675097688167225,0.5391352833477899
21554.86666666667,4.766705840114785,18.397682473698218,3.913792700150088,18.254843324057703,8.68462029814326,0.5391352833477899
21588.233333333334,4.778066916003894,18.397682473698218,3.9042700901740535,18.254843324057703,8.675097688167225,0.5391352833477899
21621.6,4.785033255999024,18.388159863722187,3.9042700901740535,18.254843324057703,8.68462029814326,0.5391352833477899
21654.966666666667,4.786908733781738,18.397682473698218,3.8947474801980184,18.254843324057703,8.68462029814326,0.5391352833477899
21688.33333333333,4.783547377705344,18.388159863722187,3.9042700901740535,18.254843324057703,8.68462029814326,0.5391352833477899
21721.7,4.77715391094088,18.397682473698218,3.9042700901740535,18.254843324057703,8.68462029814326,0.5391352833477899
21755.066666666666,4.769228158770999,18.388159863722187,3.913792700150088,18.254843324057703,8.675097688167225,0.5391352833477899
21788.433333333334,4.757012134535467,18.397682473698218,3.9233153101261222,18.254843324057703,8.675097688167225,0.5391352833477899
21821.8,4.747770532896738,18.388159863722187,3.9233153101261222,18.254843324057703,8.675097688167225,0.5391352833477899
21855.166666666668,4.743416967010004,18.397682473698218,3.9328379201021564,18.254843324057703,8.675097688167225,0.5391352833477899
21888.533333333333,4.740710887605421,18.397682473698218,3.942360530078191,18.254843324057703,8.675097688167225,0.5391352833477899
21921.9,4.739428102681006,18.397682473698218,3.942360530078191,18.24532071408167,8.675097688167225,0.5391352833477899
21955.266666666666,4.733700174225124,18.397682473698218,3.942360530078191,18.254843324057703,8.68462029814326,0.5391352833477899
21988.63333333333,4.731707003625357,18.397682473698218,3.942360530078191,18.254843324057703,8.675097688167225,0.5391352833477899
22022.0,4.730768798898913,18.397682473698218,3.9518831400542247,18.254843324057703,8.675097688167225,0.5391352833477899
22055.36666666667,4.731969943051581,18.397682473698218,3.9518831400542247,18.254843324057703,8.675097688167225,0.5391352833477899
22088.73333333333,4.7353309982247795,18.397682473698218,3.942360530078191,18.254843324057703,8.675097688167225,0.5391352833477899
22122.1,4.741698101780628,18.388159863722187,3.9328379201021564,18.264365934033737,8.68462029814326,0.5391352833477899
22155.46666666667,4.751579623597239,18.397682473698218,3.9328379201021564,18.254843324057703,8.675097688167225,0.5391352833477899
22188.83333333333,4.7594796757520434,18.397682473698218,3.9233153101261222,18.254843324057703,8.68462029814326,0.5391352833477899
22222.2,4.767602091388651,18.388159863722187,3.913792700150088,18.254843324057703,8.675097688167225,0.5391352833477899
22255.566666666666,4.775287954853404,18.397682473698218,3.913792700150088,18.254843324057703,8.68462029814326,0.5391352833477899
22288.93333333333,4.779832271320765,18.397682473698218,3.9042700901740535,18.254843324057703,8.68462029814326,0.5391352833477899
22322.3,4.781111965684875,18.397682473698218,3.9042700901740535,18.254843324057703,8.68462029814326,0.5391352833477899
22355.66666666667,4.776206239373348,18.397682473698218,3.9042700901740535,18.254843324057703,8.68462029814326,0.5391352833477899
22389.03333333333,4.769459271111665,18.397682473698218,3.9233153101261222,18.254843324057703,8.68462029814326,0.5391352833477899
22422.4,4.7592245267847195,18.397682473698218,3.9233153101261222,18.254843324057703,8.675097688167225,0.5391352833477899
22455.766666666666,4.748427603392706,18.397682473698218,3.9233153101261222,18.254843324057703,8.675097688167225,0.5391352833477899
22489.13333333333,4.741653287428416,18.397682473698218,3.9328379201021564,18.254843324057703,8.675097688167225,0.5391352833477899
22522.5,4.738575393010162,18.397682473698218,3.942360530078191,18.254843324057703,8.675097688167225,0.5391352833477899
22555.86666666667,4.736269926476775,18.388159863722187,3.942360530078191,18.254843324057703,8.675097688167225,0.5391352833477899
22589.23333333333,4.736542706115805,18.397682473698218,3.942360530078191,18.254843324057703,8.675097688167225,0.5391352833477899
22622.6,4.7381199614946565,18.397682473698218,3.942360530078191,18.264365934033737,8.68462029814326,0.5391352833477899
22655.96666666667,4.737787778743926,18.397682473698218,3.942360530078191,18.24532071408167,8.675097688167225,0.5391352833477899
22689.33333333333,4.7368610808834894,18.397682473698218,3.942360530078191,18.24532071408167,8.675097688167225,0.5391352833477899
22722.7,4.734091646959572,18.388159863722187,3.942360530078191,18.254843324057703,8.68462029814326,0.5391352833477899
22756.066666666666,4.734436088710348,18.397682473698218,3.942360530078191,18.254843324057703,8.66557507819119,0.5391352833477899
22789.43333333333,4.73917174449778,18.397682473698218,3.942360530078191,18.254843324057703,8.675097688167225,0.5391352833477899
22822.8,4.748444381014181,18.388159863722187,3.9328379201021564,18.254843324057703,8.68462029814326,0.5391352833477899
22856.16666666667,4.7571889743120925,18.388159863722187,3.9233153101261222,18.24532071408167,8.675097688167225,0.5391352833477899
22889.53333333333,4.766642437366167,18.397682473698218,3.913792700150088,18.254843324057703,8.68462029814326,0.5391352833477899
22922.9,4.774860336532201,18.397682473698218,3.913792700150088,18.254843324057703,8.68462029814326,0.5391352833477899
22956.266666666666,4.774947081348876,18.397682473698218,3.9042700901740535,18.254843324057703,8.675097688167225,0.5391352833477899
22989.63333333333,4.7730965939483685,18.388159863722187,3.9042700901740535,18.254843324057703,8.675097688167225,0.5391352833477899
23023.0,4.7703082599414435,18.397682473698218,3.9042700901740535,18.254843324057703,8.675097688167225,0.5391352833477899
23056.36666666667,4.763454990267034,18.397682473698218,3.913792700150088,18.254843324057703,8.675097688167225,0.5391352833477899
23089.73333333333,4.757720480305275,18.397682473698218,3.9233153101261222,18.24532071408167,8.675097688167225,0.5391352833477899
23123.1,4.751712156320287,18.388159863722187,3.9328379201021564,18.254843324057703,8.68462029814326,0.5391352833477899
23156.46666666667,4.744054927308268,18.388159863722187,3.9328379201021564,18.24532071408167,8.675097688167225,0.5391352833477899
23189.83333333333,4.736239599778269,18.388159863722187,3.942360530078191,18.24532071408167,8.675097688167225,0.5391352833477899
23223.2,4.730979958477755,18.388159863722187,3.942360530078191,18.24532071408167,8.675097688167225,0.5391352833477899
23256.566666666666,4.726828745591949,18.388159863722187,3.9518831400542247,18.24532071408167,8.675097688167225,0.5391352833477899
23289.93333333333,4.723513334293625,18.388159863722187,3.9518831400542247,18.24532071408167,8.66557507819119,0.5391352833477899
23323.3,4.7204158964245675,18.388159863722187,3.9518831400542247,18.24532071408167,8.675097688167225,0.5391352833477899
23356.66666666667,4.717494809712132,18.388159863722187,3.9518831400542247,18.254843324057703,8.675097688167225,0.5391352833477899
23390.03333333333,4.718407042115985,18.397682473698218,3.9518831400542247,18.24532071408167,8.66557507819119,0.5391352833477899
23423.4,4.723318946445282,18.397682473698218,3.9518831400542247,18.24532071408167,8.66557507819119,0.5391352833477899
23456.766666666666,4.729652139579514,18.397682473698218,3.942360530078191,18.24532071408167,8.66557507819119,0.5391352833477899
23490.13333333333,4.737081217613726,18.397682473698218,3.942360530078191,18.254843324057703,8.68462029814326,0.5391352833477899
23523.5,4.7478392848996815,18.397682473698218,3.9233153101261222,18.254843324057703,8.675097688167225,0.5391352833477899
23556.86666666667,4.758941313062409,18.397682473698218,3.9233153101261222,18.254843324057703,8.675097688167225,0.5391352833477899
23590.23333333333,4.767754139034314,18.397682473698218,3.913792700150088,18.254843324057703,8.675097688167225,0.5391352833477899
23623.6,4.774148145405998,18.388159863722187,3.9042700901740535,18.254843324057703,8.675097688167225,0.5391352833477899
23656.96666666667,4.777916359338768,18.397682473698218,3.9042700901740535,18.254843324057703,8.68462029814326,0.5391352833477899
23690.33333333333,4.779235712961582,18.388159863722187,3.9042700901740535,18.254843324057703,8.68462029814326,0.5391352833477899
23723.7,4.774255669983354,18.397682473698218,3.913792700150088,18.254843324057703,8.68462029814326,0.5391352833477899
23757.066666666666,4.7648625661760855,18.388159863722187,3.9233153101261222,18.254843324057703,8.68462029814326,0.5391352833477899
23790.43333333333,4.753694919467817,18.388159863722187,3.9328379201021564,18.254843324057703,8.68462029814326,0.5391352833477899
23823.8,4.744812151262451,18.397682473698218,3.9328379201021564,18.254843324057703,8.675097688167225,0.5391352833477899
23857.16666666667,4.7370914124604795,18.388159863722187,3.942360530078191,18.24532071408167,8.675097688167225,0.5391352833477899
23890.53333333333,4.730795881754876,18.388159863722187,3.942360530078191,18.254843324057703,8.675097688167225,0.5391352833477899
23923.9,4.726451272760756,18.397682473698218,3.9518831400542247,18.254843324057703,8.675097688167225,0.5391352833477899
23957.266666666666,4.723373894895551,18.397682473698218,3.9518831400542247,18.254843324057703,8.675097688167225,0.5391352833477899
23990.63333333333,4.721554851553459,18.397682473698218,3.9518831400542247,18.254843324057703,8.66557507819119,0.5391352833477899
24024.0,4.721798954784742,18.397682473698218,3.9518831400542247,18.254843324057703,8.675097688167225,0.5391352833477899
24057.36666666667,4.722604873963631,18.397682473698218,3.9518831400542247,18.254843324057703,8.675097688167225,0.5391352833477899
24090.73333333333,4.727678525164077,18.397682473698218,3.9518831400542247,18.254843324057703,8.675097688167225,0.5391352833477899
24124.1,4.736061142465858,18.397682473698218,3.942360530078191,18.254843324057703,8.675097688167225,0.5391352833477899
24157.46666666667,4.745950987751592,18.397682473698218,3.9328379201021564,18.254843324057703,8.675097688167225,0.5391352833477899
24190.83333333333,4.754998673052942,18.397682473698218,3.9233153101261222,18.254843324057703,8.675097688167225,0.5391352833477899
24224.2,4.7657688285738375,18.397682473698218,3.913792700150088,18.254843324057703,8.68462029814326,0.5391352833477899
24257.566666666666,4.774228709197528,18.397682473698218,3.913792700150088,18.254843324057703,8.68462029814326,0.5391352833477899
24290.93333333333,4.779124715488701,18.388159863722187,3.9042700901740535,18.254843324057703,8.675097688167225,0.5391352833477899
24324.3,4.780623794232035,18.388159863722187,3.9042700901740535,18.254843324057703,8.68462029814326,0.5391352833477899
24357.66666666667,4.778514785475972,18.388159863722187,3.9042700901740535,18.254843324057703,8.68462029814326,0.5391352833477899
24391.03333333333,4.772440552713464,18.388159863722187,3.913792700150088,18.254843324057703,8.68462029814326,0.5391352833477899
24424.4,4.763992481073921,18.388159863722187,3.9233153101261222,18.254843324057703,8.68462029814326,0.5391352833477899
24457.766666666666,4.753939910371485,18.388159863722187,3.9328379201021564,18.254843324057703,8.68462029814326,0.5391352833477899
24491.13333333333,4.744493359260532,18.388159863722187,3.9328379201021564,18.254843324057703,8.675097688167225,0.5391352833477899
24524.5,4.73822378575803,18.388159863722187,3.942360530078191,18.24532071408167,8.675097688167225,0.5391352833477899
24557.86666666667,4.734243277591955,18.397682473698218,3.942360530078191,18.24532071408167,8.675097688167225,0.5391352833477899
24591.23333333333,4.730066104949009,18.397682473698218,3.942360530078191,18.24532071408167,8.675097688167225,0.5391352833477899
24624.6,4.727692854571612,18.388159863722187,3.9518831400542247,18.24532071408167,8.675097688167225,0.5391352833477899
24657.96666666667,4.725728305929862,18.388159863722187,3.9518831400542247,18.24532071408167,8.675097688167225,0.5391352833477899
24691.33333333333,4.725810862520923,18.388159863722187,3.9518831400542247,18.254843324057703,8.675097688167225,0.5391352833477899
24724.7,4.726873034905544,18.388159863722187,3.9518831400542247,18.254843324057703,8.675097688167225,0.5391352833477899
24758.066666666666,4.732293338893389,18.388159863722187,3.9518831400542247,18.254843324057703,8.68462029814326,0.5391352833477899
24791.43333333333,4.735472643011815,18.388159863722187,3.942360530078191,18.254843324057703,8.675097688167225,0.5391352833477899
24824.8,4.739943917401357,18.388159863722187,3.9328379201021564,18.254843324057703,8.675097688167225,0.5391352833477899
24858.16666666667,4.746502662128642,18.388159863722187,3.9328379201021564,18.254843324057703,8.675097688167225,0.5391352833477899
24891.53333333333,4.754253612015962,18.388159863722187,3.9233153101261222,18.254843324057703,8.675097688167225,0.5391352833477899
24924.9,4.76472283017233,18.388159863722187,3.913792700150088,18.24532071408167,8.66557507819119,0.5391352833477899
24958.266666666666,4.77007175089148,18.397682473698218,3.9042700901740535,18.264365934033737,8.68462029814326,0.5391352833477899
24991.63333333333,4.771874206828197,18.397682473698218,3.9042700901740535,18.254843324057703,8.675097688167225,0.5391352833477899
25025.0,4.771341198965018,18.397682473698218,3.9042700901740535,18.254843324057703,8.675097688167225,0.5391352833477899
25058.36666666667,4.7657130866505195,18.397682473698218,3.913792700150088,18.254843324057703,8.675097688167225,0.5391352833477899
25091.73333333333,4.757250496111368,18.397682473698218,3.9233153101261222,18.24532071408167,8.66557507819119,0.5391352833477899
25125.1,4.749511276871528,18.388159863722187,3.9233153101261222,18.254843324057703,8.68462029814326,0.5391352833477899
25158.46666666667,4.744412674342704,18.397682473698218,3.9328379201021564,18.254843324057703,8.675097688167225,0.5391352833477899
25191.83333333333,4.738741451353702,18.397682473698218,3.942360530078191,18.254843324057703,8.675097688167225,0.5391352833477899
25225.2,4.736685610742456,18.388159863722187,3.942360530078191,18.24532071408167,8.675097688167225,0.5391352833477899
25258.566666666666,4.732856202943849,18.388159863722187,3.942360530078191,18.24532071408167,8.675097688167225,0.5391352833477899
25291.93333333333,4.728741877304152,18.388159863722187,3.9518831400542247,18.24532071408167,8.675097688167225,0.5391352833477899
25325.3,4.728589508090121,18.388159863722187,3.942360530078191,18.24532071408167,8.675097688167225,0.5391352833477899
25358.66666666667,4.7242646003653075,18.388159863722187,3.9518831400542247,18.24532071408167,8.675097688167225,0.5391352833477899
25392.03333333333,4.720951294896209,18.388159863722187,3.9518831400542247,18.24532071408167,8.66557507819119,0.5391352833477899
25425.4,4.723058232169857,18.397682473698218,3.9518831400542247,18.24532071408167,8.675097688167225,0.5391352833477899
25458.766666666666,4.728828194476624,18.397682473698218,3.9518831400542247,18.24532071408167,8.675097688167225,0.5391352833477899
25492.13333333333,4.7376285963508264,18.397682473698218,3.942360530078191,18.24532071408167,8.675097688167225,0.5391352833477899
25525.5,4.749830471644082,18.397682473698218,3.9328379201021564,18.24532071408167,8.68462029814326,0.5391352833477899
25558.86666666667,4.760406749083463,18.397682473698218,3.913792700150088,18.24532071408167,8.675097688167225,0.5391352833477899
25592.23333333333,4.769042983997094,18.397682473698218,3.913792700150088,18.24532071408167,8.675097688167225,0.5391352833477899
25625.6,4.772863132450419,18.397682473698218,3.913792700150088,18.24532071408167,8.68462029814326,0.5391352833477899
25658.96666666667,4.771601953784736,18.397682473698218,3.913792700150088,18.24532071408167,8.68462029814326,0.5391352833477899
25692.33333333333,4.768830347890539,18.397682473698218,3.913792700150088,18.254843324057703,8.68462029814326,0.5391352833477899
25725.7,4.766737650529158,18.397682473698218,3.9233153101261222,18.254843324057703,8.68462029814326,0.5391352833477899
25759.066666666666,4.762585958020295,18.397682473698218,3.9233153101261222,18.24532071408167,8.675097688167225,0.5391352833477899
25792.43333333333,4.756315280314651,18.397682473698218,3.9233153101261222,18.254843324057703,8.68462029814326,0.5391352833477899
25825.8,4.7506237392925,18.397682473698218,3.9328379201021564,18.24532071408167,8.68462029814326,0.5391352833477899
25859.16666666667,4.7444938933938055,18.397682473698218,3.9328379201021564,18.24532071408167,8.675097688167225,0.5391352833477899
25892.53333333333,4.741240313561219,18.388159863722187,3.942360530078191,18.24532071408167,8.675097688167225,0.5391352833477899
25925.9,4.73523658503741,18.388159863722187,3.942360530078191,18.24532071408167,8.675097688167225,0.5391352833477899
25959.266666666666,4.732684692008573,18.388159863722187,3.942360530078191,18.24532071408167,8.675097688167225,0.5391352833477899
25992.63333333333,4.732628867976383,18.388159863722187,3.942360530078191,18.24532071408167,8.675097688167225,0.5391352833477899
26026.0,4.731932737453642,18.388159863722187,3.9518831400542247,18.254843324057703,8.68462029814326,0.5391352833477899
26059.36666666667,4.733570545926795,18.388159863722187,3.9518831400542247,18.24532071408167,8.675097688167225,0.5391352833477899
26092.73333333333,4.736036727250841,18.388159863722187,3.942360530078191,18.254843324057703,8.68462029814326,0.5391352833477899
26126.1,4.743477001962716,18.388159863722187,3.942360530078191,18.24532071408167,8.675097688167225,0.5391352833477899
26159.46666666667,4.751190686486552,18.388159863722187,3.9328379201021564,18.24532071408167,8.68462029814326,0.5391352833477899
26192.83333333333,4.759784910479614,18.388159863722187,3.9233153101261222,18.24532071408167,8.68462029814326,0.5391352833477899
26226.2,4.766739335061585,18.397682473698218,3.9233153101261222,18.254843324057703,8.68462029814326,0.5391352833477899
26259.566666666666,4.767149381508156,18.397682473698218,3.913792700150088,18.254843324057703,8.68462029814326,0.5391352833477899
26292.93333333333,4.770073284551313,18.397682473698218,3.913792700150088,18.24532071408167,8.675097688167225,0.5391352833477899
26326.3,4.769414003771853,18.397682473698218,3.913792700150088,18.24532071408167,8.68462029814326,0.5391352833477899
26359.66666666667,4.77000201296187,18.397682473698218,3.9233153101261222,18.24532071408167,8.68462029814326,0.5391352833477899
26393.03333333333,4.765672122489401,18.388159863722187,3.9233153101261222,18.24532071408167,8.68462029814326,0.5391352833477899
26426.4,4.756945325043699,18.388159863722187,3.9233153101261222,18.254843324057703,8.694142908119295,0.5391352833477899
26459.766666666666,4.748821018745621,18.388159863722187,3.9328379201021564,18.24532071408167,8.675097688167225,0.5391352833477899
26493.13333333333,4.7396558887149824,18.388159863722187,3.942360530078191,18.24532071408167,8.675097688167225,0.5391352833477899
26526.5,4.733584497400788,18.388159863722187,3.942360530078191,18.24532071408167,8.66557507819119,0.5391352833477899
26559.86666666667,4.728607381924949,18.388159863722187,3.9518831400542247,18.254843324057703,8.68462029814326,0.5391352833477899
26593.23333333333,4.728332786636336,18.388159863722187,3.9518831400542247,18.254843324057703,8.68462029814326,0.5391352833477899
26626.6,4.728580162876192,18.388159863722187,3.9518831400542247,18.24532071408167,8.675097688167225,0.5391352833477899
26659.96666666667,4.725703172325661,18.388159863722187,3.9518831400542247,18.24532071408167,8.675097688167225,0.5391352833477899
26693.33333333333,4.725756385260886,18.397682473698218,3.9518831400542247,18.24532071408167,8.675097688167225,0.5391352833477899
26726.7,4.726047794009163,18.388159863722187,3.9518831400542247,18.24532071408167,8.675097688167225,0.5391352833477899
26760.066666666666,4.729808807489594,18.388159863722187,3.9518831400542247,18.24532071408167,8.675097688167225,0.5391352833477899
26793.43333333333,4.736128635629839,18.388159863722187,3.942360530078191,18.254843324057703,8.68462029814326,0.5391352833477899
26826.8,4.74317577334505,18.388159863722187,3.9328379201021564,18.24532071408167,8.675097688167225,0.5391352833477899
26860.16666666667,4.751780104652059,18.388159863722187,3.9328379201021564,18.24532071408167,8.675097688167225,0.5391352833477899
26893.53333333333,4.761273032564427,18.388159863722187,3.9233153101261222,18.24532071408167,8.68462029814326,0.5391352833477899
26926.9,4.770082547393658,18.388159863722187,3.913792700150088,18.24532071408167,8.68462029814326,0.5391352833477899
26960.266666666666,4.7753989837188815,18.397682473698218,3.913792700150088,18.24532071408167,8.68462029814326,0.5391352833477899
26993.63333333333,4.772840777356853,18.397682473698218,3.9042700901740535,18.24532071408167,8.675097688167225,0.5391352833477899
